"id","source_provision_id","head_predicate","head_arity","body","full_text"
"R0001","G001","gdpr_protected_person","1","natural_person(A)","gdpr_protected_person(A) <= natural_person(A)"
"R0002","G001","gdpr_protection_independent_of_nationality_or_residence","1","natural_person(A)","gdpr_protection_independent_of_nationality_or_residence(A) <= natural_person(A)"
"R0003","G001","legal_person_data","1","concerns(D, A) & legal_person(A)","legal_person_data(D) <= concerns(D, A) & legal_person(A)"
"R0004","G001","gdpr_personal_data_exclusion_reason","2","legal_person_data(D)","gdpr_personal_data_exclusion_reason(D, 'legal_person_data') <= legal_person_data(D)"
"R0005","G001","gdpr_personal_data_exclusion_reason","2","legal_person_contact_details(D)","gdpr_personal_data_exclusion_reason(D, 'legal_person_contact_details') <= legal_person_contact_details(D)"
"R0006","G002","gdpr_material","1","processing(S) & processing_concerns(S, D) & personal_data(D) & automated_means(S)","gdpr_material(S) <= processing(S) & processing_concerns(S, D) & personal_data(D) & automated_means(S)"
"R0007","G002","gdpr_material","1","processing(S) & processing_concerns(S, D) & personal_data(D) & manual_processing(S) & filing_system(S)","gdpr_material(S) <= processing(S) & processing_concerns(S, D) & personal_data(D) & manual_processing(S) & filing_system(S)"
"R0008","G002","gdpr_material","1","processing(S) & processing_concerns(S, D) & personal_data(D) & manual_processing(S) & intended_to_form_part_of_filing_system(S)","gdpr_material(S) <= processing(S) & processing_concerns(S, D) & personal_data(D) & manual_processing(S) & intended_to_form_part_of_filing_system(S)"
"R0009","G002","unstructured_file_set","1","file_set(S) & ~structured_by_specific_criteria(S)","unstructured_file_set(S) <= file_set(S) & ~structured_by_specific_criteria(S)"
"R0010","G002","gdpr_material_exclusion_reason","2","unstructured_file_set(S)","gdpr_material_exclusion_reason(S, 'unstructured_file_set') <= unstructured_file_set(S)"
"R0011","G003","activity_outside_union_law","1","national_security_activity(S)","activity_outside_union_law(S) <= national_security_activity(S)"
"R0012","G003","activity_outside_union_law","1","common_foreign_security_policy_activity(S)","activity_outside_union_law(S) <= common_foreign_security_policy_activity(S)"
"R0013","G003","gdpr_excluded","1","activity_outside_union_law(S)","gdpr_excluded(S) <= activity_outside_union_law(S)"
"R0014","G003","gdpr_excluded","1","member_state_chapter_2_title_v_teu_activity(S)","gdpr_excluded(S) <= member_state_chapter_2_title_v_teu_activity(S)"
"R0015","G004","eu_institution_processing","1","processing(S) & performs_processing(A, S) & eu_institution_body_office_agency(A)","eu_institution_processing(S) <= processing(S) & performs_processing(A, S) & eu_institution_body_office_agency(A)"
"R0016","G004","governed_by","2","eu_institution_processing(S)","governed_by(S, 'regulation_2018_1725') <= eu_institution_processing(S)"
"R0017","G004","gdpr_excluded","1","eu_institution_processing(S)","gdpr_excluded(S) <= eu_institution_processing(S)"
"R0018","G005","purely_personal_household_activity","1","processing(S) & performs_processing(A, S) & natural_person(A) & personal_or_household_context(S) & ~professional_or_commercial_activity(S)","purely_personal_household_activity(S) <= processing(S) & performs_processing(A, S) & natural_person(A) & personal_or_household_context(S) & ~professional_or_commercial_activity(S)"
"R0019","G005","gdpr_excluded","1","purely_personal_household_activity(S)","gdpr_excluded(S) <= purely_personal_household_activity(S)"
"R0020","G006","law_enforcement_purpose","1","prevention_criminal_offences(S)","law_enforcement_purpose(S) <= prevention_criminal_offences(S)"
"R0021","G006","law_enforcement_purpose","1","investigation_criminal_offences(S)","law_enforcement_purpose(S) <= investigation_criminal_offences(S)"
"R0022","G006","law_enforcement_purpose","1","detection_criminal_offences(S)","law_enforcement_purpose(S) <= detection_criminal_offences(S)"
"R0023","G006","law_enforcement_purpose","1","prosecution_criminal_offences(S)","law_enforcement_purpose(S) <= prosecution_criminal_offences(S)"
"R0024","G006","law_enforcement_purpose","1","execution_criminal_penalties(S)","law_enforcement_purpose(S) <= execution_criminal_penalties(S)"
"R0025","G006","law_enforcement_purpose","1","safeguarding_against_threats_to_public_security(S)","law_enforcement_purpose(S) <= safeguarding_against_threats_to_public_security(S)"
"R0026","G006","law_enforcement_purpose","1","prevention_of_threats_to_public_security(S)","law_enforcement_purpose(S) <= prevention_of_threats_to_public_security(S)"
"R0027","G006","led_law_enforcement_processing","1","processing(S) & performs_processing(A, S) & competent_authority(A) & law_enforcement_purpose(S)","led_law_enforcement_processing(S) <= processing(S) & performs_processing(A, S) & competent_authority(A) & law_enforcement_purpose(S)"
"R0028","G006","gdpr_excluded","1","led_law_enforcement_processing(S)","gdpr_excluded(S) <= led_law_enforcement_processing(S)"
"R0029","G006","governed_by","2","led_law_enforcement_processing(S)","governed_by(S, 'directive_2016_680') <= led_law_enforcement_processing(S)"
"R0030","G006","competent_authority_other_purpose_processing","1","processing(S) & performs_processing(A, S) & competent_authority(A) & within_union_law(S) & non_led_task(S)","competent_authority_other_purpose_processing(S) <= processing(S) & performs_processing(A, S) & competent_authority(A) & within_union_law(S) & non_led_task(S)"
"R0031","G006","gdpr_potentially_applies_to_competent_authority_other_purpose","1","competent_authority_other_purpose_processing(S)","gdpr_potentially_applies_to_competent_authority_other_purpose(S) <= competent_authority_other_purpose_processing(S)"
"R0032","G006","member_state_specific_gdpr_provisions_allowed","1","competent_authority_other_purpose_processing(S)","member_state_specific_gdpr_provisions_allowed(S) <= competent_authority_other_purpose_processing(S)"
"R0033","G006","may_restrict_gdpr_right_or_obligation","2","private_body_processing(S) & gdpr_applies_to_processing(S) & legislative_restriction_measure(S, R) & necessary_and_proportionate_restriction(S) & safeguards_specific_important_interest(S)","may_restrict_gdpr_right_or_obligation(S, R) <= private_body_processing(S) & gdpr_applies_to_processing(S) & legislative_restriction_measure(S, R) & necessary_and_proportionate_restriction(S) & safeguards_specific_important_interest(S)"
"R0034","G006","safeguards_specific_important_interest","1","safeguards_public_security(S)","safeguards_specific_important_interest(S) <= safeguards_public_security(S)"
"R0035","G006","safeguards_specific_important_interest","1","safeguards_criminal_offence_prevention(S)","safeguards_specific_important_interest(S) <= safeguards_criminal_offence_prevention(S)"
"R0036","G006","safeguards_specific_important_interest","1","safeguards_criminal_offence_investigation(S)","safeguards_specific_important_interest(S) <= safeguards_criminal_offence_investigation(S)"
"R0037","G006","safeguards_specific_important_interest","1","safeguards_criminal_offence_detection(S)","safeguards_specific_important_interest(S) <= safeguards_criminal_offence_detection(S)"
"R0038","G006","safeguards_specific_important_interest","1","safeguards_criminal_offence_prosecution(S)","safeguards_specific_important_interest(S) <= safeguards_criminal_offence_prosecution(S)"
"R0039","G006","safeguards_specific_important_interest","1","safeguards_execution_criminal_penalties(S)","safeguards_specific_important_interest(S) <= safeguards_execution_criminal_penalties(S)"
"R0040","G007","judicial_authority_processing","1","processing(S) & performs_processing(A, S) & court_or_judicial_authority(A)","judicial_authority_processing(S) <= processing(S) & performs_processing(A, S) & court_or_judicial_authority(A)"
"R0041","G007","judicial_capacity_processing","1","judicial_authority_processing(S) & judicial_capacity(S)","judicial_capacity_processing(S) <= judicial_authority_processing(S) & judicial_capacity(S)"
"R0042","G007","supervisory_authority_competence_excluded","1","judicial_capacity_processing(S)","supervisory_authority_competence_excluded(S) <= judicial_capacity_processing(S)"
"R0043","G007","judicial_system_supervision_possible","1","judicial_capacity_processing(S)","judicial_system_supervision_possible(S) <= judicial_capacity_processing(S)"
"R0044","G007","gdpr_applies_to_judicial_authority_processing","1","judicial_authority_processing(S) & gdpr_material(S)","gdpr_applies_to_judicial_authority_processing(S) <= judicial_authority_processing(S) & gdpr_material(S)"
"R0045","G008","intermediary_liability_rules_unaffected","1","information_society_service(S) & intermediary_service_provider(A, S)","intermediary_liability_rules_unaffected(S) <= information_society_service(S) & intermediary_service_provider(A, S)"
"R0046","G008","free_movement_information_society_services_supported","1","information_society_service(S)","free_movement_information_society_services_supported(S) <= information_society_service(S)"
"R0047","G009","establishment_in_union","1","established_in(A, 'eu') & effective_real_activity(A) & stable_arrangements(A)","establishment_in_union(A) <= established_in(A, 'eu') & effective_real_activity(A) & stable_arrangements(A)"
"R0048","G009","establishment_in_union","1","branch_in_union(A) & effective_real_activity(A) & stable_arrangements(A)","establishment_in_union(A) <= branch_in_union(A) & effective_real_activity(A) & stable_arrangements(A)"
"R0049","G009","establishment_in_union","1","subsidiary_in_union(A) & effective_real_activity(A) & stable_arrangements(A)","establishment_in_union(A) <= subsidiary_in_union(A) & effective_real_activity(A) & stable_arrangements(A)"
"R0050","G009","legal_form_not_determining_for_establishment","1","establishment_in_union(A)","legal_form_not_determining_for_establishment(A) <= establishment_in_union(A)"
"R0051","G009","gdpr_territorial_link","2","controller(A, S) & establishment_in_union(A) & processing_in_context_of_establishment(S, A)","gdpr_territorial_link(A, S) <= controller(A, S) & establishment_in_union(A) & processing_in_context_of_establishment(S, A)"
"R0052","G009","gdpr_territorial_link","2","processor(A, S) & establishment_in_union(A) & processing_in_context_of_establishment(S, A)","gdpr_territorial_link(A, S) <= processor(A, S) & establishment_in_union(A) & processing_in_context_of_establishment(S, A)"
"R0053","G009","processing_location_irrelevant_for_article_3_1","1","processing_in_context_of_establishment(S, A) & establishment_in_union(A)","processing_location_irrelevant_for_article_3_1(S) <= processing_in_context_of_establishment(S, A) & establishment_in_union(A)"
"R0054","G010","data_subjects_in_eu_targeted","2","offering_goods_or_services_to_eu_data_subjects(A, S)","data_subjects_in_eu_targeted(S, A) <= offering_goods_or_services_to_eu_data_subjects(A, S)"
"R0055","G010","offering_goods_or_services_to_eu_data_subjects","2","envisages_offering_to_eu_data_subjects(A, S)","offering_goods_or_services_to_eu_data_subjects(A, S) <= envisages_offering_to_eu_data_subjects(A, S)"
"R0056","G010","offering_goods_or_services_to_eu_data_subjects","2","eu_language_or_currency_with_ordering(A, S)","offering_goods_or_services_to_eu_data_subjects(A, S) <= eu_language_or_currency_with_ordering(A, S)"
"R0057","G010","offering_goods_or_services_to_eu_data_subjects","2","mentions_eu_customers_or_users(A, S)","offering_goods_or_services_to_eu_data_subjects(A, S) <= mentions_eu_customers_or_users(A, S)"
"R0058","G010","targeting_factor","3","eu_language_or_currency_with_ordering(A, S)","targeting_factor(A, S, 'eu_language_or_currency_with_ordering') <= eu_language_or_currency_with_ordering(A, S)"
"R0059","G010","targeting_factor","3","mentions_eu_customers_or_users(A, S)","targeting_factor(A, S, 'mentions_eu_customers_or_users') <= mentions_eu_customers_or_users(A, S)"
"R0060","G010","insufficient_targeting_factor","3","website_accessible_in_eu(A, S)","insufficient_targeting_factor(A, S, 'website_accessible_in_eu') <= website_accessible_in_eu(A, S)"
"R0061","G010","insufficient_targeting_factor","3","email_address_accessible_in_eu(A, S)","insufficient_targeting_factor(A, S, 'email_address_accessible_in_eu') <= email_address_accessible_in_eu(A, S)"
"R0062","G010","insufficient_targeting_factor","3","third_country_language_used(A, S)","insufficient_targeting_factor(A, S, 'third_country_language_used') <= third_country_language_used(A, S)"
"R0063","G010","payment_not_required_for_offering_goods_services","1","offering_goods_or_services_to_eu_data_subjects(A, S)","payment_not_required_for_offering_goods_services(S) <= offering_goods_or_services_to_eu_data_subjects(A, S)"
"R0064","G011","monitors_behaviour_in_eu","2","tracks_natural_persons_on_internet(A, S) & behaviour_takes_place_in_eu(S)","monitors_behaviour_in_eu(A, S) <= tracks_natural_persons_on_internet(A, S) & behaviour_takes_place_in_eu(S)"
"R0065","G011","monitors_behaviour_in_eu","2","tracks_natural_persons_on_internet(A, S) & profiling_used_for_decisions(A, S) & behaviour_takes_place_in_eu(S)","monitors_behaviour_in_eu(A, S) <= tracks_natural_persons_on_internet(A, S) & profiling_used_for_decisions(A, S) & behaviour_takes_place_in_eu(S)"
"R0066","G011","monitors_behaviour_in_eu","2","tracks_natural_persons_on_internet(A, S) & profiling_used_to_analyse_or_predict(A, S) & behaviour_takes_place_in_eu(S)","monitors_behaviour_in_eu(A, S) <= tracks_natural_persons_on_internet(A, S) & profiling_used_to_analyse_or_predict(A, S) & behaviour_takes_place_in_eu(S)"
"R0067","G011","profiling_used_to_analyse_or_predict","2","analyses_or_predicts_preferences(A, S)","profiling_used_to_analyse_or_predict(A, S) <= analyses_or_predicts_preferences(A, S)"
"R0068","G011","profiling_used_to_analyse_or_predict","2","analyses_or_predicts_behaviour(A, S)","profiling_used_to_analyse_or_predict(A, S) <= analyses_or_predicts_behaviour(A, S)"
"R0069","G011","profiling_used_to_analyse_or_predict","2","analyses_or_predicts_attitudes(A, S)","profiling_used_to_analyse_or_predict(A, S) <= analyses_or_predicts_attitudes(A, S)"
"R0070","G012","member_state_law_via_intl_law","1","controller(A, S) & diplomatic_mission_or_consular_post(A) & represents_member_state(A)","member_state_law_via_intl_law(A) <= controller(A, S) & diplomatic_mission_or_consular_post(A) & represents_member_state(A)"
"R0071","G012","gdpr_territorial_link","2","controller(A, S) & member_state_law_via_intl_law(A)","gdpr_territorial_link(A, S) <= controller(A, S) & member_state_law_via_intl_law(A)"
"R0072","G013","personal_data","1","concerns(D, A) & natural_person(A) & identified_person(A, D)","personal_data(D) <= concerns(D, A) & natural_person(A) & identified_person(A, D)"
"R0073","G013","personal_data","1","concerns(D, A) & natural_person(A) & identifiable_person(A, D)","personal_data(D) <= concerns(D, A) & natural_person(A) & identifiable_person(A, D)"
"R0074","G013","identifiable_person","2","concerns(D, A) & reasonably_likely_means_to_identify(D, A)","identifiable_person(A, D) <= concerns(D, A) & reasonably_likely_means_to_identify(D, A)"
"R0075","G013","personal_data","1","pseudonymised_data(D) & reidentifiable_with_additional_information(D, A) & natural_person(A)","personal_data(D) <= pseudonymised_data(D) & reidentifiable_with_additional_information(D, A) & natural_person(A)"
"R0076","G013","anonymous_information","1","information(D) & ~relates_to_identifiable_natural_person(D)","anonymous_information(D) <= information(D) & ~relates_to_identifiable_natural_person(D)"
"R0077","G013","anonymous_information","1","anonymised_data(D) & data_subject_no_longer_identifiable(D)","anonymous_information(D) <= anonymised_data(D) & data_subject_no_longer_identifiable(D)"
"R0078","G013","gdpr_principles_do_not_apply","1","anonymous_information(D)","gdpr_principles_do_not_apply(D) <= anonymous_information(D)"
"R0079","G013","identifiability_factor","2","identification_costs_relevant(D)","identifiability_factor(D, 'costs_of_identification') <= identification_costs_relevant(D)"
"R0080","G013","identifiability_factor","2","identification_time_relevant(D)","identifiability_factor(D, 'time_required_for_identification') <= identification_time_relevant(D)"
"R0081","G013","identifiability_factor","2","available_technology_relevant(D)","identifiability_factor(D, 'available_technology') <= available_technology_relevant(D)"
"R0082","G013","identifiability_factor","2","technological_developments_relevant(D)","identifiability_factor(D, 'technological_developments') <= technological_developments_relevant(D)"
"R0083","G014","deceased_person_data","1","concerns(D, A) & deceased_person(A)","deceased_person_data(D) <= concerns(D, A) & deceased_person(A)"
"R0084","G014","gdpr_personal_data_exclusion_reason","2","deceased_person_data(D)","gdpr_personal_data_exclusion_reason(D, 'deceased_person_data') <= deceased_person_data(D)"
"R0085","G014","member_state_may_provide_deceased_person_rules","1","deceased_person_data(D)","member_state_may_provide_deceased_person_rules(D) <= deceased_person_data(D)"
"R0086","G015","data_protection_measure","2","pseudonymisation_measure(M, S)","data_protection_measure(M, S) <= pseudonymisation_measure(M, S)"
"R0087","G015","risk_reduction_measure","2","pseudonymisation_measure(M, S)","risk_reduction_measure(M, S) <= pseudonymisation_measure(M, S)"
"R0088","G015","supports_data_protection_obligations","2","controller(A, S) & pseudonymisation_measure(M, S)","supports_data_protection_obligations(A, S) <= controller(A, S) & pseudonymisation_measure(M, S)"
"R0089","G015","supports_data_protection_obligations","2","processor(A, S) & pseudonymisation_measure(M, S)","supports_data_protection_obligations(A, S) <= processor(A, S) & pseudonymisation_measure(M, S)"
"R0090","G016","effective_pseudonymisation","2","pseudonymisation_applied(S, D) & additional_information_kept_separately(D) & technical_organisational_measures(S) & authorised_persons_indicated(S)","effective_pseudonymisation(S, D) <= pseudonymisation_applied(S, D) & additional_information_kept_separately(D) & technical_organisational_measures(S) & authorised_persons_indicated(S)"
"R0091","G016","general_analysis_allowed_within_same_controller","1","effective_pseudonymisation(S, D) & same_controller_analysis(S)","general_analysis_allowed_within_same_controller(S) <= effective_pseudonymisation(S, D) & same_controller_analysis(S)"
"R0092","G016","reidentification_safeguard","2","additional_information_kept_separately(D) & technical_organisational_measures(S)","reidentification_safeguard(S, D) <= additional_information_kept_separately(D) & technical_organisational_measures(S)"
"R0093","G017","online_identifier","1","internet_protocol_address(D)","online_identifier(D) <= internet_protocol_address(D)"
"R0094","G017","online_identifier","1","cookie_identifier(D)","online_identifier(D) <= cookie_identifier(D)"
"R0095","G017","online_identifier","1","radio_frequency_identification_tag(D)","online_identifier(D) <= radio_frequency_identification_tag(D)"
"R0096","G017","device_application_tool_protocol_identifier","1","online_identifier(D)","device_application_tool_protocol_identifier(D) <= online_identifier(D)"
"R0097","G017","identifiable_person","2","online_identifier(D) & concerns(D, A) & natural_person(A) & combined_with_unique_identifier(D)","identifiable_person(A, D) <= online_identifier(D) & concerns(D, A) & natural_person(A) & combined_with_unique_identifier(D)"
"R0098","G017","profiling_trace","2","online_identifier(D) & concerns(D, A) & natural_person(A) & server_received_information(D)","profiling_trace(D, A) <= online_identifier(D) & concerns(D, A) & natural_person(A) & server_received_information(D)"
"R0099","G017","profile_created","2","profiling_trace(D, A) & processing_concerns(S, D)","profile_created(A, S) <= profiling_trace(D, A) & processing_concerns(S, D)"
"R0100","G018","potential_recipient","2","disclosed_to(A, S)","potential_recipient(A, S) <= disclosed_to(A, S)"
"R0101","G018","recipient","2","potential_recipient(A, S) & ~public_authority_particular_inquiry_exception(A, S)","recipient(A, S) <= potential_recipient(A, S) & ~public_authority_particular_inquiry_exception(A, S)"
"R0102","G018","public_authority_particular_inquiry_exception","2","public_authority(A) & disclosed_to(A, S) & legal_obligation_disclosure(S) & official_mission(A, S) & necessary_for_particular_inquiry(S) & general_interest_inquiry(S)","public_authority_particular_inquiry_exception(A, S) <= public_authority(A) & disclosed_to(A, S) & legal_obligation_disclosure(S) & official_mission(A, S) & necessary_for_particular_inquiry(S) & general_interest_inquiry(S)"
"R0103","G018","written_reasoned_occasional_request","1","written_request(S) & reasoned_request(S) & occasional_request(S)","written_reasoned_occasional_request(S) <= written_request(S) & reasoned_request(S) & occasional_request(S)"
"R0104","G018","disclosure_request_not_entire_filing_system","1","disclosure_request(S) & ~concerns_entire_filing_system(S)","disclosure_request_not_entire_filing_system(S) <= disclosure_request(S) & ~concerns_entire_filing_system(S)"
"R0105","G018","disclosure_request_no_filing_system_interconnection","1","disclosure_request(S) & ~leads_to_filing_system_interconnection(S)","disclosure_request_no_filing_system_interconnection(S) <= disclosure_request(S) & ~leads_to_filing_system_interconnection(S)"
"R0106","G018","public_authority_processing_must_follow_applicable_data_protection_rules","1","public_authority_particular_inquiry_exception(A, S)","public_authority_processing_must_follow_applicable_data_protection_rules(S) <= public_authority_particular_inquiry_exception(A, S)"
"R0107","G019","processing_must_conform_by","2","processing_already_under_way_on(S, '2016-05-24')","processing_must_conform_by(S, '2018-05-25') <= processing_already_under_way_on(S, '2016-05-24')"
"R0108","G019","consent_renewal_not_required","1","consent_under_directive_95_46(S) & consent_meets_gdpr_conditions(S)","consent_renewal_not_required(S) <= consent_under_directive_95_46(S) & consent_meets_gdpr_conditions(S)"
"R0109","G020","applies","3","in_force('gdpr', T)  & gdpr_territorial_link(A, S)  & gdpr_material(S)  & ~gdpr_excluded(S)","applies(S, T, 'gdpr') <= in_force('gdpr', T)  & gdpr_territorial_link(A, S)  & gdpr_material(S)  & ~gdpr_excluded(S)"
"R0110","G020","applies_via_actor","4","in_force('gdpr', T)  & gdpr_territorial_link(A, S)  & gdpr_material(S)  & ~gdpr_excluded(S)","applies_via_actor(S, T, 'gdpr', A) <= in_force('gdpr', T)  & gdpr_territorial_link(A, S)  & gdpr_material(S)  & ~gdpr_excluded(S)"
"R0111","G021","gdpr_material","1","provision_trigger('GDPR_A1.1', A, S)","gdpr_material(S) <= provision_trigger('GDPR_A1.1', A, S)"
"R0112","G023","obligation","3","provision_trigger('GDPR_A1.3', A, X)","obligation(A, X, 'GDPR_A1.3') <= provision_trigger('GDPR_A1.3', A, X)"
"R0113","G025","gdpr_material","1","processing(S) & processing_concerns(S, D) & personal_data(D) & automated_means(S)","gdpr_material(S) <= processing(S) & processing_concerns(S, D) & personal_data(D) & automated_means(S)"
"R0114","G025","gdpr_material","1","processing(S) & processing_concerns(S, D) & personal_data(D) & filing_system(S)","gdpr_material(S) <= processing(S) & processing_concerns(S, D) & personal_data(D) & filing_system(S)"
"R0115","G026","gdpr_excluded","1","activity_outside_union_law(S)","gdpr_excluded(S) <= activity_outside_union_law(S)"
"R0116","G027","gdpr_excluded","1","member_state_cfsp_activity(S)","gdpr_excluded(S) <= member_state_cfsp_activity(S)"
"R0117","G027","gdpr_material","1","provision_trigger('GDPR_A2.2.b', A, S)","gdpr_material(S) <= provision_trigger('GDPR_A2.2.b', A, S)"
"R0118","G028","gdpr_excluded","1","purely_personal_household_activity(S)","gdpr_excluded(S) <= purely_personal_household_activity(S)"
"R0119","G029","gdpr_excluded","1","led_law_enforcement_processing(S)","gdpr_excluded(S) <= led_law_enforcement_processing(S)"
"R0120","G030","gdpr_excluded","1","provision_trigger('GDPR_A2.2', A, S)","gdpr_excluded(S) <= provision_trigger('GDPR_A2.2', A, S)"
"R0121","G031","gdpr_excluded","1","eu_institution_processing(S)","gdpr_excluded(S) <= eu_institution_processing(S)"
"R0122","G032","gdpr_material","1","provision_trigger('GDPR_A2.4', A, S)","gdpr_material(S) <= provision_trigger('GDPR_A2.4', A, S)"
"R0123","G032","obligation","3","provision_trigger('GDPR_A2.4', A, X)","obligation(A, X, 'GDPR_A2.4') <= provision_trigger('GDPR_A2.4', A, X)"
"R0124","G033","gdpr_territorial_link","2","provision_trigger('GDPR_A3', A, S)","gdpr_territorial_link(A, S) <= provision_trigger('GDPR_A3', A, S)"
"R0125","G034","gdpr_territorial_link","2","controller(A, S) & established_in(A, 'eu')  & processing_in_context_of_establishment(S, A)","gdpr_territorial_link(A, S) <= controller(A, S) & established_in(A, 'eu')  & processing_in_context_of_establishment(S, A)"
"R0126","G034","gdpr_territorial_link","2","processor(A, S)  & established_in(A, 'eu')  & processing_in_context_of_establishment(S, A)","gdpr_territorial_link(A, S) <= processor(A, S)  & established_in(A, 'eu')  & processing_in_context_of_establishment(S, A)"
"R0127","G035","gdpr_territorial_link","2","controller(A, S) & data_subjects_in_eu_targeted(S, A)","gdpr_territorial_link(A, S) <= controller(A, S) & data_subjects_in_eu_targeted(S, A)"
"R0128","G035","gdpr_territorial_link","2","processor(A, S)  & data_subjects_in_eu_targeted(S, A)","gdpr_territorial_link(A, S) <= processor(A, S)  & data_subjects_in_eu_targeted(S, A)"
"R0129","G036","gdpr_territorial_link","2","controller(A, S) & monitors_behaviour_in_eu(A, S)","gdpr_territorial_link(A, S) <= controller(A, S) & monitors_behaviour_in_eu(A, S)"
"R0130","G036","gdpr_territorial_link","2","processor(A, S)  & monitors_behaviour_in_eu(A, S)","gdpr_territorial_link(A, S) <= processor(A, S)  & monitors_behaviour_in_eu(A, S)"
"R0131","G037","gdpr_territorial_link","2","provision_trigger('GDPR_A3.2', A, S)","gdpr_territorial_link(A, S) <= provision_trigger('GDPR_A3.2', A, S)"
"R0132","G038","gdpr_territorial_link","2","controller(A, S) & member_state_law_via_intl_law(A)","gdpr_territorial_link(A, S) <= controller(A, S) & member_state_law_via_intl_law(A)"
"R0133","G039","personal_data","1","concerns(X, A) & natural_person(A) & identifies(X, A)","personal_data(X) <= concerns(X, A) & natural_person(A) & identifies(X, A)"
"R0134","G040","personal_data","1","concerns(D, A) & natural_person(A) & identifies(D, A)","personal_data(D) <= concerns(D, A) & natural_person(A) & identifies(D, A)"
"R0135","G040","definition_matches","2","provision_trigger('GDPR_A4.1', A, X)","definition_matches('personal_data', X) <= provision_trigger('GDPR_A4.1', A, X)"
"R0136","G041","processing","1","processing_operation(S)","processing(S) <= processing_operation(S)"
"R0137","G041","definition_matches","2","provision_trigger('GDPR_A4.2', A, X)","definition_matches('processing', X) <= provision_trigger('GDPR_A4.2', A, X)"
"R0138","G042","definition_matches","2","provision_trigger('GDPR_A4.3', A, X)","definition_matches('restriction_of_processing', X) <= provision_trigger('GDPR_A4.3', A, X)"
"R0139","G043","profiling","1","automated_processing(S) & uses_personal_data_to_evaluate_personal_aspects(S)","profiling(S) <= automated_processing(S) & uses_personal_data_to_evaluate_personal_aspects(S)"
"R0140","G043","definition_matches","2","provision_trigger('GDPR_A4.4', A, X)","definition_matches('profiling', X) <= provision_trigger('GDPR_A4.4', A, X)"
"R0141","G044","pseudonymisation","1","personal_data_no_longer_attributable_without_additional_information(S) & additional_information_kept_separately(S) & technical_organisational_measures(S)","pseudonymisation(S) <= personal_data_no_longer_attributable_without_additional_information(S) & additional_information_kept_separately(S) & technical_organisational_measures(S)"
"R0142","G044","definition_matches","2","provision_trigger('GDPR_A4.5', A, X)","definition_matches('pseudonymisation', X) <= provision_trigger('GDPR_A4.5', A, X)"
"R0143","G045","filing_system","1","structured_personal_data_set(S) & accessible_according_to_specific_criteria(S)","filing_system(S) <= structured_personal_data_set(S) & accessible_according_to_specific_criteria(S)"
"R0144","G045","definition_matches","2","provision_trigger('GDPR_A4.6', A, X)","definition_matches('filing_system', X) <= provision_trigger('GDPR_A4.6', A, X)"
"R0145","G046","controller","2","determines_purposes_and_means(A, S)","controller(A, S) <= determines_purposes_and_means(A, S)"
"R0146","G046","definition_matches","2","provision_trigger('GDPR_A4.7', A, X)","definition_matches('controller', X) <= provision_trigger('GDPR_A4.7', A, X)"
"R0147","G046","permission","3","provision_trigger('GDPR_A4.7', A, X)","permission(A, X, 'GDPR_A4.7') <= provision_trigger('GDPR_A4.7', A, X)"
"R0148","G047","processor","2","processes_on_behalf_of_controller(A, S)","processor(A, S) <= processes_on_behalf_of_controller(A, S)"
"R0149","G047","definition_matches","2","provision_trigger('GDPR_A4.8', A, X)","definition_matches('processor', X) <= provision_trigger('GDPR_A4.8', A, X)"
"R0150","G048","recipient","2","personal_data_disclosed_to(A, S) & ~public_authority_particular_inquiry(A, S)","recipient(A, S) <= personal_data_disclosed_to(A, S) & ~public_authority_particular_inquiry(A, S)"
"R0151","G048","definition_matches","2","provision_trigger('GDPR_A4.9', A, X)","definition_matches('recipient', X) <= provision_trigger('GDPR_A4.9', A, X)"
"R0152","G048","obligation","3","provision_trigger('GDPR_A4.9', A, X)","obligation(A, X, 'GDPR_A4.9') <= provision_trigger('GDPR_A4.9', A, X)"
"R0153","G048","permission","3","provision_trigger('GDPR_A4.9', A, X)","permission(A, X, 'GDPR_A4.9') <= provision_trigger('GDPR_A4.9', A, X)"
"R0154","G049","definition_matches","2","provision_trigger('GDPR_A4.10', A, X)","definition_matches('third_party', X) <= provision_trigger('GDPR_A4.10', A, X)"
"R0155","G050","valid_consent","2","freely_given_consent(A, S) & specific_consent(A, S) & informed_consent(A, S) & unambiguous_consent(A, S) & affirmative_action(A, S)","valid_consent(A, S) <= freely_given_consent(A, S) & specific_consent(A, S) & informed_consent(A, S) & unambiguous_consent(A, S) & affirmative_action(A, S)"
"R0156","G051","personal_data_breach","1","security_breach(S) & personal_data_affected(S)","personal_data_breach(S) <= security_breach(S) & personal_data_affected(S)"
"R0157","G051","definition_matches","2","provision_trigger('GDPR_A4.12', A, X)","definition_matches('personal_data_breach', X) <= provision_trigger('GDPR_A4.12', A, X)"
"R0158","G052","genetic_data","1","personal_data(D) & category(D, 'genetic')","genetic_data(D) <= personal_data(D) & category(D, 'genetic')"
"R0159","G052","definition_matches","2","provision_trigger('GDPR_A4.13', A, X)","definition_matches('genetic_data', X) <= provision_trigger('GDPR_A4.13', A, X)"
"R0160","G053","biometric_data","1","personal_data(D) & biometric_processing_for_unique_identification(D)","biometric_data(D) <= personal_data(D) & biometric_processing_for_unique_identification(D)"
"R0161","G053","definition_matches","2","provision_trigger('GDPR_A4.14', A, X)","definition_matches('biometric_data', X) <= provision_trigger('GDPR_A4.14', A, X)"
"R0162","G054","health_data","1","personal_data(D) & reveals_health_status(D)","health_data(D) <= personal_data(D) & reveals_health_status(D)"
"R0163","G054","definition_matches","2","provision_trigger('GDPR_A4.15', A, X)","definition_matches('health_data', X) <= provision_trigger('GDPR_A4.15', A, X)"
"R0164","G057","definition_matches","2","provision_trigger('GDPR_A4.16', A, X)","definition_matches('main_establishment', X) <= provision_trigger('GDPR_A4.16', A, X)"
"R0165","G058","representative","2","established_in(R, 'eu') & designated_in_writing_by(R, A)","representative(R, A) <= established_in(R, 'eu') & designated_in_writing_by(R, A)"
"R0166","G058","definition_matches","2","provision_trigger('GDPR_A4.17', A, X)","definition_matches('representative', X) <= provision_trigger('GDPR_A4.17', A, X)"
"R0167","G059","definition_matches","2","provision_trigger('GDPR_A4.18', A, X)","definition_matches('enterprise', X) <= provision_trigger('GDPR_A4.18', A, X)"
"R0168","G060","definition_matches","2","provision_trigger('GDPR_A4.19', A, X)","definition_matches('group_of_undertakings', X) <= provision_trigger('GDPR_A4.19', A, X)"
"R0169","G061","definition_matches","2","provision_trigger('GDPR_A4.20', A, X)","definition_matches('binding_corporate_rules', X) <= provision_trigger('GDPR_A4.20', A, X)"
"R0170","G062","definition_matches","2","provision_trigger('GDPR_A4.21', A, X)","definition_matches('supervisory_authority', X) <= provision_trigger('GDPR_A4.21', A, X)"
"R0171","G066","definition_matches","2","provision_trigger('GDPR_A4.22', A, X)","definition_matches('supervisory_authority_concerned', X) <= provision_trigger('GDPR_A4.22', A, X)"
"R0172","G069","definition_matches","2","provision_trigger('GDPR_A4.23', A, X)","definition_matches('cross_border_processing', X) <= provision_trigger('GDPR_A4.23', A, X)"
"R0173","G070","definition_matches","2","provision_trigger('GDPR_A4.24', A, X)","definition_matches('relevant_and_reasoned_objection', X) <= provision_trigger('GDPR_A4.24', A, X)"
"R0174","G071","definition_matches","2","provision_trigger('GDPR_A4.25', A, X)","definition_matches('information_society_service', X) <= provision_trigger('GDPR_A4.25', A, X)"
"R0175","G072","definition_matches","2","provision_trigger('GDPR_A4.26', A, X)","definition_matches('international_organisation', X) <= provision_trigger('GDPR_A4.26', A, X)"
"R0176","G073","personal_data","1","special_category_data(X)","personal_data(X) <= special_category_data(X)"
"R0177","G074","special_category_data","1","category(D, 'racial')","special_category_data(D) <= category(D, 'racial')"
"R0178","G074","special_category_data","1","category(D, 'ethnic')","special_category_data(D) <= category(D, 'ethnic')"
"R0179","G074","special_category_data","1","category(D, 'political_opinions')","special_category_data(D) <= category(D, 'political_opinions')"
"R0180","G074","special_category_data","1","category(D, 'religious')","special_category_data(D) <= category(D, 'religious')"
"R0181","G074","special_category_data","1","category(D, 'philosophical')","special_category_data(D) <= category(D, 'philosophical')"
"R0182","G074","special_category_data","1","category(D, 'trade_union')","special_category_data(D) <= category(D, 'trade_union')"
"R0183","G074","special_category_data","1","category(D, 'genetic')","special_category_data(D) <= category(D, 'genetic')"
"R0184","G074","special_category_data","1","category(D, 'biometric_for_id')","special_category_data(D) <= category(D, 'biometric_for_id')"
"R0185","G074","special_category_data","1","category(D, 'health')","special_category_data(D) <= category(D, 'health')"
"R0186","G074","special_category_data","1","category(D, 'sex_life')","special_category_data(D) <= category(D, 'sex_life')"
"R0187","G074","special_category_data","1","category(D, 'sexual_orientation')","special_category_data(D) <= category(D, 'sexual_orientation')"
"R0188","G075","gdpr_art9_exception","1","explicit_consent_special_category(S)","gdpr_art9_exception(S) <= explicit_consent_special_category(S)"
"R0189","G075","permission","3","provision_trigger('GDPR_A9.2.a', A, X)","permission(A, X, 'GDPR_A9.2.a') <= provision_trigger('GDPR_A9.2.a', A, X)"
"R0190","G076","gdpr_art9_exception","1","employment_social_security_law_basis(S)","gdpr_art9_exception(S) <= employment_social_security_law_basis(S)"
"R0191","G077","gdpr_art9_exception","1","vital_interests_incapable(S)","gdpr_art9_exception(S) <= vital_interests_incapable(S)"
"R0192","G078","gdpr_art9_exception","1","nonprofit_legitimate_activity_safeguards(S)","gdpr_art9_exception(S) <= nonprofit_legitimate_activity_safeguards(S)"
"R0193","G079","gdpr_art9_exception","1","manifestly_public_by_data_subject(S)","gdpr_art9_exception(S) <= manifestly_public_by_data_subject(S)"
"R0194","G080","gdpr_art9_exception","1","legal_claims_or_judicial_capacity(S)","gdpr_art9_exception(S) <= legal_claims_or_judicial_capacity(S)"
"R0195","G081","gdpr_art9_exception","1","substantial_public_interest_law_basis(S)","gdpr_art9_exception(S) <= substantial_public_interest_law_basis(S)"
"R0196","G081","obligation","3","provision_trigger('GDPR_A9.2.g', A, X)","obligation(A, X, 'GDPR_A9.2.g') <= provision_trigger('GDPR_A9.2.g', A, X)"
"R0197","G082","gdpr_art9_exception","1","public_health_interest_law_basis(S)","gdpr_art9_exception(S) <= public_health_interest_law_basis(S)"
"R0198","G083","gdpr_art9_exception","1","healthcare_socialcare_law_or_contract(S)","gdpr_art9_exception(S) <= healthcare_socialcare_law_or_contract(S)"
"R0199","G084","gdpr_art9_exception","1","research_archiving_statistics_law_basis(S)","gdpr_art9_exception(S) <= research_archiving_statistics_law_basis(S)"
"R0200","G084","obligation","3","provision_trigger('GDPR_A9.2.j', A, X)","obligation(A, X, 'GDPR_A9.2.j') <= provision_trigger('GDPR_A9.2.j', A, X)"
"R0201","G085","gdpr_material","1","provision_trigger('GDPR_A9.2', A, S)","gdpr_material(S) <= provision_trigger('GDPR_A9.2', A, S)"
"R0202","G085","obligation","3","provision_trigger('GDPR_A9.2', A, X)","obligation(A, X, 'GDPR_A9.2') <= provision_trigger('GDPR_A9.2', A, X)"
"R0203","G086","gdpr_material","1","provision_trigger('GDPR_A9.3', A, S)","gdpr_material(S) <= provision_trigger('GDPR_A9.3', A, S)"
"R0204","G086","permission","3","provision_trigger('GDPR_A9.3', A, X)","permission(A, X, 'GDPR_A9.3') <= provision_trigger('GDPR_A9.3', A, X)"
"R0205","G087","permission","3","provision_trigger('GDPR_A9.4', A, X)","permission(A, X, 'GDPR_A9.4') <= provision_trigger('GDPR_A9.4', A, X)"
"R0206","G088","personal_data","1","criminal_offence_data(X)","personal_data(X) <= criminal_offence_data(X)"
"R0207","G090","no_obligation","3","applies_via_actor(S, T, 'gdpr', A) & controller(A, S) & identification_not_required_for_purposes(S)","no_obligation(A, S, 'GDPR_A11.1_maintain_acquire_or_process_additional_identification_info') <= applies_via_actor(S, T, 'gdpr', A) & controller(A, S) & identification_not_required_for_purposes(S)"
"R0208","G090","obligation","3","provision_trigger('GDPR_A11.1', A, X)","obligation(A, X, 'GDPR_A11.1') <= provision_trigger('GDPR_A11.1', A, X)"
"R0209","G091","obligation","3","applies_via_actor(S, T, 'gdpr', A) & controller(A, S) & not_in_position_to_identify_data_subject(S) & informing_data_subject_possible(S)","obligation(A, S, 'GDPR_A11.2_inform_data_subject_cannot_identify_if_possible') <= applies_via_actor(S, T, 'gdpr', A) & controller(A, S) & not_in_position_to_identify_data_subject(S) & informing_data_subject_possible(S)"
"R0210","G091","obligation","3","provision_trigger('GDPR_A11.2', A, X)","obligation(A, X, 'GDPR_A11.2') <= provision_trigger('GDPR_A11.2', A, X)"
"R0211","G103","permission","3","legislative_restriction_measure(S) & necessary_and_proportionate_restriction(S) & controller(A, S)","permission(A, S, 'GDPR_A23.1_restrict_rights_and_obligations') <= legislative_restriction_measure(S) & necessary_and_proportionate_restriction(S) & controller(A, S)"
"R0212","G103","permission","3","provision_trigger('GDPR_A23.1', A, X)","permission(A, X, 'GDPR_A23.1') <= provision_trigger('GDPR_A23.1', A, X)"
"R0213","G111","permission","3","provision_trigger('GDPR_A23.2.h', A, X)","permission(A, X, 'GDPR_A23.2.h') <= provision_trigger('GDPR_A23.2.h', A, X)"
"R0214","G112","obligation","3","provision_trigger('GDPR_A23.2', A, X)","obligation(A, X, 'GDPR_A23.2') <= provision_trigger('GDPR_A23.2', A, X)"
"R0215","G113","gdpr_territorial_link","2","provision_trigger('GDPR_A27', A, S)","gdpr_territorial_link(A, S) <= provision_trigger('GDPR_A27', A, S)"
"R0216","G114","obligation","3","applies_via_actor(S, T, 'gdpr', A) & gdpr_art3_2_applies(A, S) & ~gdpr_representative_obligation_exempt(A, S)","obligation(A, S, 'GDPR_A27.1_designate_representative_in_union') <= applies_via_actor(S, T, 'gdpr', A) & gdpr_art3_2_applies(A, S) & ~gdpr_representative_obligation_exempt(A, S)"
"R0217","G114","gdpr_territorial_link","2","provision_trigger('GDPR_A27.1', A, S)","gdpr_territorial_link(A, S) <= provision_trigger('GDPR_A27.1', A, S)"
"R0218","G114","obligation","3","provision_trigger('GDPR_A27.1', A, X)","obligation(A, X, 'GDPR_A27.1') <= provision_trigger('GDPR_A27.1', A, X)"
"R0219","G115","gdpr_representative_obligation_exempt","2","gdpr_art3_2_applies(A, S) & occasional_processing(S) & ~large_scale_special_category_processing(S) & ~large_scale_criminal_offence_processing(S) & unlikely_risk_to_rights_freedoms(S)","gdpr_representative_obligation_exempt(A, S) <= gdpr_art3_2_applies(A, S) & occasional_processing(S) & ~large_scale_special_category_processing(S) & ~large_scale_criminal_offence_processing(S) & unlikely_risk_to_rights_freedoms(S)"
"R0220","G115","gdpr_territorial_link","2","provision_trigger('GDPR_A27.2.a', A, S)","gdpr_territorial_link(A, S) <= provision_trigger('GDPR_A27.2.a', A, S)"
"R0221","G116","gdpr_representative_obligation_exempt","2","gdpr_art3_2_applies(A, S) & public_authority_body(A)","gdpr_representative_obligation_exempt(A, S) <= gdpr_art3_2_applies(A, S) & public_authority_body(A)"
"R0222","G116","gdpr_territorial_link","2","provision_trigger('GDPR_A27.2.b', A, S)","gdpr_territorial_link(A, S) <= provision_trigger('GDPR_A27.2.b', A, S)"
"R0223","G117","gdpr_representative_obligation_exempt","2","gdpr_art3_2_applies(A, S) & occasional_processing(S) & ~large_scale_special_category_processing(S) & ~large_scale_criminal_offence_processing(S)","gdpr_representative_obligation_exempt(A, S) <= gdpr_art3_2_applies(A, S) & occasional_processing(S) & ~large_scale_special_category_processing(S) & ~large_scale_criminal_offence_processing(S)"
"R0224","G117","gdpr_representative_obligation_exempt","2","gdpr_art3_2_applies(A, S) & public_authority_body(A)","gdpr_representative_obligation_exempt(A, S) <= gdpr_art3_2_applies(A, S) & public_authority_body(A)"
"R0225","G117","gdpr_territorial_link","2","provision_trigger('GDPR_A27.2', A, S)","gdpr_territorial_link(A, S) <= provision_trigger('GDPR_A27.2', A, S)"
"R0226","G117","obligation","3","provision_trigger('GDPR_A27.2', A, X)","obligation(A, X, 'GDPR_A27.2') <= provision_trigger('GDPR_A27.2', A, X)"
"R0227","G118","obligation","3","obligation(A, S, 'GDPR_A27.1_designate_representative_in_union')","obligation(A, S, 'GDPR_A27.3_representative_established_where_data_subjects_are') <= obligation(A, S, 'GDPR_A27.1_designate_representative_in_union')"
"R0228","G118","gdpr_territorial_link","2","provision_trigger('GDPR_A27.3', A, S)","gdpr_territorial_link(A, S) <= provision_trigger('GDPR_A27.3', A, S)"
"R0229","G118","obligation","3","provision_trigger('GDPR_A27.3', A, X)","obligation(A, X, 'GDPR_A27.3') <= provision_trigger('GDPR_A27.3', A, X)"
"R0230","G119","obligation","3","obligation(A, S, 'GDPR_A27.1_designate_representative_in_union')","obligation(A, S, 'GDPR_A27.4_mandate_representative_for_authorities_and_data_subjects') <= obligation(A, S, 'GDPR_A27.1_designate_representative_in_union')"
"R0231","G119","gdpr_territorial_link","2","provision_trigger('GDPR_A27.4', A, S)","gdpr_territorial_link(A, S) <= provision_trigger('GDPR_A27.4', A, S)"
"R0232","G119","obligation","3","provision_trigger('GDPR_A27.4', A, X)","obligation(A, X, 'GDPR_A27.4') <= provision_trigger('GDPR_A27.4', A, X)"
"R0233","G120","gdpr_territorial_link","2","provision_trigger('GDPR_A27.5', A, S)","gdpr_territorial_link(A, S) <= provision_trigger('GDPR_A27.5', A, S)"
"R0234","G120","obligation","3","provision_trigger('GDPR_A27.5', A, X)","obligation(A, X, 'GDPR_A27.5') <= provision_trigger('GDPR_A27.5', A, X)"
"R0235","G122","obligation","3","provision_trigger('GDPR_A85.1', A, X)","obligation(A, X, 'GDPR_A85.1') <= provision_trigger('GDPR_A85.1', A, X)"
"R0236","G123","obligation","3","provision_trigger('GDPR_A85.2', A, X)","obligation(A, X, 'GDPR_A85.2') <= provision_trigger('GDPR_A85.2', A, X)"
"R0237","G124","obligation","3","provision_trigger('GDPR_A85.3', A, X)","obligation(A, X, 'GDPR_A85.3') <= provision_trigger('GDPR_A85.3', A, X)"
"R0238","G125","permission","3","provision_trigger('GDPR_A86', A, X)","permission(A, X, 'GDPR_A86') <= provision_trigger('GDPR_A86', A, X)"
"R0239","G126","obligation","3","provision_trigger('GDPR_A87', A, X)","obligation(A, X, 'GDPR_A87') <= provision_trigger('GDPR_A87', A, X)"
"R0240","G126","permission","3","provision_trigger('GDPR_A87', A, X)","permission(A, X, 'GDPR_A87') <= provision_trigger('GDPR_A87', A, X)"
"R0241","G128","permission","3","provision_trigger('GDPR_A88.1', A, X)","permission(A, X, 'GDPR_A88.1') <= provision_trigger('GDPR_A88.1', A, X)"
"R0242","G129","obligation","3","provision_trigger('GDPR_A88.2', A, X)","obligation(A, X, 'GDPR_A88.2') <= provision_trigger('GDPR_A88.2', A, X)"
"R0243","G130","obligation","3","provision_trigger('GDPR_A88.3', A, X)","obligation(A, X, 'GDPR_A88.3') <= provision_trigger('GDPR_A88.3', A, X)"
"R0244","G130","permission","3","provision_trigger('GDPR_A88.3', A, X)","permission(A, X, 'GDPR_A88.3') <= provision_trigger('GDPR_A88.3', A, X)"
"R0245","G132","obligation","3","provision_trigger('GDPR_A89.1', A, X)","obligation(A, X, 'GDPR_A89.1') <= provision_trigger('GDPR_A89.1', A, X)"
"R0246","G132","permission","3","provision_trigger('GDPR_A89.1', A, X)","permission(A, X, 'GDPR_A89.1') <= provision_trigger('GDPR_A89.1', A, X)"
"R0247","G133","permission","3","provision_trigger('GDPR_A89.2', A, X)","permission(A, X, 'GDPR_A89.2') <= provision_trigger('GDPR_A89.2', A, X)"
"R0248","G134","permission","3","provision_trigger('GDPR_A89.3', A, X)","permission(A, X, 'GDPR_A89.3') <= provision_trigger('GDPR_A89.3', A, X)"
"R0249","G135","obligation","3","provision_trigger('GDPR_A89.4', A, X)","obligation(A, X, 'GDPR_A89.4') <= provision_trigger('GDPR_A89.4', A, X)"
"R0250","G137","obligation","3","provision_trigger('GDPR_A90.1', A, X)","obligation(A, X, 'GDPR_A90.1') <= provision_trigger('GDPR_A90.1', A, X)"
"R0251","G137","permission","3","provision_trigger('GDPR_A90.1', A, X)","permission(A, X, 'GDPR_A90.1') <= provision_trigger('GDPR_A90.1', A, X)"
"R0252","G138","obligation","3","provision_trigger('GDPR_A90.2', A, X)","obligation(A, X, 'GDPR_A90.2') <= provision_trigger('GDPR_A90.2', A, X)"
"R0253","G138","permission","3","provision_trigger('GDPR_A90.2', A, X)","permission(A, X, 'GDPR_A90.2') <= provision_trigger('GDPR_A90.2', A, X)"
"R0254","G140","permission","3","provision_trigger('GDPR_A91.1', A, X)","permission(A, X, 'GDPR_A91.1') <= provision_trigger('GDPR_A91.1', A, X)"
"R0255","G141","obligation","3","provision_trigger('GDPR_A91.2', A, X)","obligation(A, X, 'GDPR_A91.2') <= provision_trigger('GDPR_A91.2', A, X)"
"R0256","G141","permission","3","provision_trigger('GDPR_A91.2', A, X)","permission(A, X, 'GDPR_A91.2') <= provision_trigger('GDPR_A91.2', A, X)"
"R0257","G143","permission","3","provision_trigger('GDPR_A94.1', A, X)","permission(A, X, 'GDPR_A94.1') <= provision_trigger('GDPR_A94.1', A, X)"
"R0258","G144","obligation","3","provision_trigger('GDPR_A94.2', A, X)","obligation(A, X, 'GDPR_A94.2') <= provision_trigger('GDPR_A94.2', A, X)"
"R0259","G145","no_additional_obligations","3","eprivacy_lex_specialis(S) & provision_trigger('GDPR_A95', A, S)","no_additional_obligations(A, S, 'GDPR_A95') <= eprivacy_lex_specialis(S) & provision_trigger('GDPR_A95', A, S)"
"R0260","G145","obligation","3","provision_trigger('GDPR_A95', A, X)","obligation(A, X, 'GDPR_A95') <= provision_trigger('GDPR_A95', A, X)"
"R0261","G146","obligation","3","provision_trigger('GDPR_A96', A, X)","obligation(A, X, 'GDPR_A96') <= provision_trigger('GDPR_A96', A, X)"
"R0262","G146","permission","3","provision_trigger('GDPR_A96', A, X)","permission(A, X, 'GDPR_A96') <= provision_trigger('GDPR_A96', A, X)"
"R0263","A001","ai_act_material","1","ai_system(X) & ai_system_lifecycle_activity(X)","ai_act_material(X) <= ai_system(X) & ai_system_lifecycle_activity(X)"
"R0264","A001","ai_system_lifecycle_activity","1","development_of_ai_system(X)","ai_system_lifecycle_activity(X) <= development_of_ai_system(X)"
"R0265","A001","ai_system_lifecycle_activity","1","placing_on_market(X)","ai_system_lifecycle_activity(X) <= placing_on_market(X)"
"R0266","A001","ai_system_lifecycle_activity","1","putting_into_service(X)","ai_system_lifecycle_activity(X) <= putting_into_service(X)"
"R0267","A001","ai_system_lifecycle_activity","1","use_of_ai_system(X)","ai_system_lifecycle_activity(X) <= use_of_ai_system(X)"
"R0268","A001","member_state_ai_restriction_preempted","1","ai_act_material(X) & ~explicitly_authorised_by_ai_act(X)","member_state_ai_restriction_preempted(X) <= ai_act_material(X) & ~explicitly_authorised_by_ai_act(X)"
"R0269","A002","high_risk_ai_harmonised_rules_apply","1","high_risk_ai(X)","high_risk_ai_harmonised_rules_apply(X) <= high_risk_ai(X)"
"R0270","A002","ai_act_complementary_to_existing_union_law","1","ai_system(X)","ai_act_complementary_to_existing_union_law(X) <= ai_system(X)"
"R0271","A002","existing_union_law_rights_remedies_unaffected","2","person_affected_by_ai_system(P, X) & existing_union_law_right_or_remedy(P, X)","existing_union_law_rights_remedies_unaffected(P, X) <= person_affected_by_ai_system(P, X) & existing_union_law_right_or_remedy(P, X)"
"R0272","A005","data_subject_rights_unaffected_by_ai_act","2","person_affected_by_ai_system(P, X) & data_subject_right(P, X)","data_subject_rights_unaffected_by_ai_act(P, X) <= person_affected_by_ai_system(P, X) & data_subject_right(P, X)"
"R0273","A005","automated_decision_making_rights_unaffected","2","person_affected_by_ai_system(P, X) & automated_individual_decision_making(X)","automated_decision_making_rights_unaffected(P, X) <= person_affected_by_ai_system(P, X) & automated_individual_decision_making(X)"
"R0274","A005","ai_system_definition_should_align_with_international_work","1","ai_system(X)","ai_system_definition_should_align_with_international_work(X) <= ai_system(X)"
"R0275","A006","provider_scope_irrespective_of_establishment","2","provider(A, X) & ai_act_territorial_link(A, X)","provider_scope_irrespective_of_establishment(A, X) <= provider(A, X) & ai_act_territorial_link(A, X)"
"R0276","A006","ai_act_territorial_link","2","deployer(A, X) & established_in(A, 'eu')","ai_act_territorial_link(A, X) <= deployer(A, X) & established_in(A, 'eu')"
"R0277","A006","ai_act_territorial_link","2","deployer(A, X) & located_in(A, 'eu')","ai_act_territorial_link(A, X) <= deployer(A, X) & located_in(A, 'eu')"
"R0278","A006","effective_union_protection_interest","1","ai_act_territorial_link(A, X)","effective_union_protection_interest(X) <= ai_act_territorial_link(A, X)"
"R0279","A007","ai_act_territorial_link","2","provider(A, X) & established_in(A, 'third_country') & output_used_in_eu(X)","ai_act_territorial_link(A, X) <= provider(A, X) & established_in(A, 'third_country') & output_used_in_eu(X)"
"R0280","A007","ai_act_territorial_link","2","deployer(A, X) & established_in(A, 'third_country') & output_used_in_eu(X)","ai_act_territorial_link(A, X) <= deployer(A, X) & established_in(A, 'third_country') & output_used_in_eu(X)"
"R0281","A007","third_country_output_scope","1","output_used_in_eu(X) & ai_system(X)","third_country_output_scope(X) <= output_used_in_eu(X) & ai_system(X)"
"R0282","A007","circumvention_risk_scope","1","third_country_output_scope(X)","circumvention_risk_scope(X) <= third_country_output_scope(X)"
"R0283","A007","ai_act_excluded","1","third_country_public_authority_or_international_organisation(X) & law_enforcement_judicial_cooperation_agreement(X) & adequate_fundamental_rights_safeguards(X)","ai_act_excluded(X) <= third_country_public_authority_or_international_organisation(X) & law_enforcement_judicial_cooperation_agreement(X) & adequate_fundamental_rights_safeguards(X)"
"R0284","A008","ai_act_material","1","ai_system(X) & eu_institution_body_office_agency(A) & provider(A, X)","ai_act_material(X) <= ai_system(X) & eu_institution_body_office_agency(A) & provider(A, X)"
"R0285","A008","ai_act_material","1","ai_system(X) & eu_institution_body_office_agency(A) & deployer(A, X)","ai_act_material(X) <= ai_system(X) & eu_institution_body_office_agency(A) & deployer(A, X)"
"R0286","A008","ai_act_territorial_link","2","eu_institution_body_office_agency(A) & provider(A, X)","ai_act_territorial_link(A, X) <= eu_institution_body_office_agency(A) & provider(A, X)"
"R0287","A008","ai_act_territorial_link","2","eu_institution_body_office_agency(A) & deployer(A, X)","ai_act_territorial_link(A, X) <= eu_institution_body_office_agency(A) & deployer(A, X)"
"R0288","A009","ai_act_excluded","1","military_or_defence_purpose(X)","ai_act_excluded(X) <= military_or_defence_purpose(X)"
"R0289","A009","ai_act_excluded","1","national_security_purpose(X)","ai_act_excluded(X) <= national_security_purpose(X)"
"R0290","A009","ai_act_exclusion_applies_regardless_entity_type","1","ai_act_excluded(X) & military_or_defence_purpose(X)","ai_act_exclusion_applies_regardless_entity_type(X) <= ai_act_excluded(X) & military_or_defence_purpose(X)"
"R0291","A009","ai_act_exclusion_applies_regardless_entity_type","1","ai_act_excluded(X) & national_security_purpose(X)","ai_act_exclusion_applies_regardless_entity_type(X) <= ai_act_excluded(X) & national_security_purpose(X)"
"R0292","A009","ai_act_not_excluded_by_defence_or_security_reentry","1","military_or_defence_developed(X) & non_military_civilian_use(X)","ai_act_not_excluded_by_defence_or_security_reentry(X) <= military_or_defence_developed(X) & non_military_civilian_use(X)"
"R0293","A009","ai_act_not_excluded_by_defence_or_security_reentry","1","national_security_developed(X) & non_security_civilian_use(X)","ai_act_not_excluded_by_defence_or_security_reentry(X) <= national_security_developed(X) & non_security_civilian_use(X)"
"R0294","A009","ai_act_material","1","ai_system(X) & ai_act_not_excluded_by_defence_or_security_reentry(X)","ai_act_material(X) <= ai_system(X) & ai_act_not_excluded_by_defence_or_security_reentry(X)"
"R0295","A010","ai_act_excluded","1","scientific_research_development_only(X)","ai_act_excluded(X) <= scientific_research_development_only(X)"
"R0296","A010","ai_act_excluded","1","pre_market_research_testing(X)","ai_act_excluded(X) <= pre_market_research_testing(X)"
"R0297","A010","scientific_research_development_only","1","ai_system_or_model(X) & sole_purpose_scientific_research_development(X)","scientific_research_development_only(X) <= ai_system_or_model(X) & sole_purpose_scientific_research_development(X)"
"R0298","A010","pre_market_research_testing","1","ai_system_or_model(X) & research_testing_development_before_market_or_service(X)","pre_market_research_testing(X) <= ai_system_or_model(X) & research_testing_development_before_market_or_service(X)"
"R0299","A010","ai_act_material","1","ai_system(X) & placing_on_market(X)","ai_act_material(X) <= ai_system(X) & placing_on_market(X)"
"R0300","A010","ai_act_material","1","ai_system(X) & putting_into_service(X)","ai_act_material(X) <= ai_system(X) & putting_into_service(X)"
"R0301","A010","ai_regulatory_sandbox_rules_available","1","research_testing_development_before_market_or_service(X)","ai_regulatory_sandbox_rules_available(X) <= research_testing_development_before_market_or_service(X)"
"R0302","A010","real_world_testing_rules_available","1","research_testing_development_before_market_or_service(X)","real_world_testing_rules_available(X) <= research_testing_development_before_market_or_service(X)"
"R0303","A011","prohibited_practice","1","unacceptable_risk_ai(X)","prohibited_practice(X) <= unacceptable_risk_ai(X)"
"R0304","A011","high_risk_ai","1","high_risk_ai_use_case(X)","high_risk_ai(X) <= high_risk_ai_use_case(X)"
"R0305","A011","high_risk_ai_requirement_trigger","1","high_risk_ai(X)","high_risk_ai_requirement_trigger(X) <= high_risk_ai(X)"
"R0306","A011","relevant_operator_obligation_trigger","2","high_risk_ai(X) & operator(A, X)","relevant_operator_obligation_trigger(A, X) <= high_risk_ai(X) & operator(A, X)"
"R0307","A011","transparency_obligation_trigger","1","transparency_relevant_ai_system(X)","transparency_obligation_trigger(X) <= transparency_relevant_ai_system(X)"
"R0308","A011","risk_based_rule_intensity","2","unacceptable_risk_ai(X)","risk_based_rule_intensity(X, 'unacceptable') <= unacceptable_risk_ai(X)"
"R0309","A011","risk_based_rule_intensity","2","high_risk_ai(X)","risk_based_rule_intensity(X, 'high') <= high_risk_ai(X)"
"R0310","A011","risk_based_rule_intensity","2","transparency_relevant_ai_system(X)","risk_based_rule_intensity(X, 'transparency') <= transparency_relevant_ai_system(X)"
"R0311","A012","trustworthy_human_centric_ai_design_support","1","ai_system(X) & design_considers_non_binding_ethical_principles(X)","trustworthy_human_centric_ai_design_support(X) <= ai_system(X) & design_considers_non_binding_ethical_principles(X)"
"R0312","A013","applies","3","in_force('ai_act', T)  & ai_act_territorial_link(A, S)  & ai_act_material(S)  & ~ai_act_excluded(S)","applies(S, T, 'ai_act') <= in_force('ai_act', T)  & ai_act_territorial_link(A, S)  & ai_act_material(S)  & ~ai_act_excluded(S)"
"R0313","A013","applies_via_actor","4","in_force('ai_act', T)  & ai_act_territorial_link(A, S)  & ai_act_material(S)  & ~ai_act_excluded(S)","applies_via_actor(S, T, 'ai_act', A) <= in_force('ai_act', T)  & ai_act_territorial_link(A, S)  & ai_act_material(S)  & ~ai_act_excluded(S)"
"R0314","A013","ai_act_material","1","ai_system(S)","ai_act_material(S) <= ai_system(S)"
"R0315","A013","ai_act_material","1","gpai_model(S)","ai_act_material(S) <= gpai_model(S)"
"R0316","A015","ai_act_material","1","provision_trigger('AIAct_A1.2.a', A, S)","ai_act_material(S) <= provision_trigger('AIAct_A1.2.a', A, S)"
"R0317","A016","ai_act_material","1","provision_trigger('AIAct_A1.2.b', A, S)","ai_act_material(S) <= provision_trigger('AIAct_A1.2.b', A, S)"
"R0318","A018","ai_act_material","1","provision_trigger('AIAct_A1.2.d', A, S)","ai_act_material(S) <= provision_trigger('AIAct_A1.2.d', A, S)"
"R0319","A019","ai_act_material","1","provision_trigger('AIAct_A1.2.e', A, S)","ai_act_material(S) <= provision_trigger('AIAct_A1.2.e', A, S)"
"R0320","A020","ai_act_material","1","provision_trigger('AIAct_A1.2.f', A, S)","ai_act_material(S) <= provision_trigger('AIAct_A1.2.f', A, S)"
"R0321","A022","ai_act_material","1","provision_trigger('AIAct_A1.2', A, S)","ai_act_material(S) <= provision_trigger('AIAct_A1.2', A, S)"
"R0322","A023","ai_act_material","1","ai_system(S)","ai_act_material(S) <= ai_system(S)"
"R0323","A023","ai_act_material","1","gpai_model(S)","ai_act_material(S) <= gpai_model(S)"
"R0324","A024","ai_act_territorial_link","2","provider(A, S) & places_on_eu_market(A, S)","ai_act_territorial_link(A, S) <= provider(A, S) & places_on_eu_market(A, S)"
"R0325","A024","ai_act_territorial_link","2","provider(A, S) & puts_into_service_in_eu(A, S)","ai_act_territorial_link(A, S) <= provider(A, S) & puts_into_service_in_eu(A, S)"
"R0326","A025","ai_act_territorial_link","2","deployer(A, S) & established_in(A, 'eu')","ai_act_territorial_link(A, S) <= deployer(A, S) & established_in(A, 'eu')"
"R0327","A025","ai_act_territorial_link","2","deployer(A, S) & located_in(A, 'eu')","ai_act_territorial_link(A, S) <= deployer(A, S) & located_in(A, 'eu')"
"R0328","A026","ai_act_territorial_link","2","provider(A, S) & output_used_in_eu(S)","ai_act_territorial_link(A, S) <= provider(A, S) & output_used_in_eu(S)"
"R0329","A026","ai_act_territorial_link","2","deployer(A, S) & output_used_in_eu(S)","ai_act_territorial_link(A, S) <= deployer(A, S) & output_used_in_eu(S)"
"R0330","A027","ai_act_territorial_link","2","importer(A, S) & places_on_eu_market(A, S)","ai_act_territorial_link(A, S) <= importer(A, S) & places_on_eu_market(A, S)"
"R0331","A027","ai_act_territorial_link","2","distributor(A, S) & made_available_on_market(S, 'eu')","ai_act_territorial_link(A, S) <= distributor(A, S) & made_available_on_market(S, 'eu')"
"R0332","A028","ai_act_territorial_link","2","manufacturer(A, X) & places_on_eu_market_with_product(A, X)","ai_act_territorial_link(A, X) <= manufacturer(A, X) & places_on_eu_market_with_product(A, X)"
"R0333","A028","ai_act_territorial_link","2","manufacturer(A, X) & puts_into_service_in_eu(A, X)","ai_act_territorial_link(A, X) <= manufacturer(A, X) & puts_into_service_in_eu(A, X)"
"R0334","A028","ai_act_territorial_link","2","provision_trigger('AIAct_A2.1.e', A, S)","ai_act_territorial_link(A, S) <= provision_trigger('AIAct_A2.1.e', A, S)"
"R0335","A029","ai_act_territorial_link","2","authorised_representative(A, X) & established_in(A, 'eu')","ai_act_territorial_link(A, X) <= authorised_representative(A, X) & established_in(A, 'eu')"
"R0336","A029","ai_act_territorial_link","2","provision_trigger('AIAct_A2.1.f', A, S)","ai_act_territorial_link(A, S) <= provision_trigger('AIAct_A2.1.f', A, S)"
"R0337","A030","ai_act_territorial_link","2","affected_person(A, X) & located_in(A, 'eu')","ai_act_territorial_link(A, X) <= affected_person(A, X) & located_in(A, 'eu')"
"R0338","A030","ai_act_territorial_link","2","provision_trigger('AIAct_A2.1.g', A, S)","ai_act_territorial_link(A, S) <= provision_trigger('AIAct_A2.1.g', A, S)"
"R0339","A031","ai_act_territorial_link","2","provision_trigger('AIAct_A2.1', A, S)","ai_act_territorial_link(A, S) <= provision_trigger('AIAct_A2.1', A, S)"
"R0340","A031","ai_act_material","1","provision_trigger('AIAct_A2.1', A, S)","ai_act_material(S) <= provision_trigger('AIAct_A2.1', A, S)"
"R0341","A032","ai_act_territorial_link","2","provision_trigger('AIAct_A2.2', A, S)","ai_act_territorial_link(A, S) <= provision_trigger('AIAct_A2.2', A, S)"
"R0342","A032","ai_act_material","1","provision_trigger('AIAct_A2.2', A, S)","ai_act_material(S) <= provision_trigger('AIAct_A2.2', A, S)"
"R0343","A033","ai_act_excluded","1","military_or_defence_purpose(S)","ai_act_excluded(S) <= military_or_defence_purpose(S)"
"R0344","A033","ai_act_excluded","1","national_security_purpose(S)","ai_act_excluded(S) <= national_security_purpose(S)"
"R0345","A034","ai_act_excluded","1","third_country_public_authority_or_international_organisation(S) & law_enforcement_judicial_cooperation_agreement(S) & adequate_fundamental_rights_safeguards(S)","ai_act_excluded(S) <= third_country_public_authority_or_international_organisation(S) & law_enforcement_judicial_cooperation_agreement(S) & adequate_fundamental_rights_safeguards(S)"
"R0346","A034","ai_act_excluded","1","provision_trigger('AIAct_A2.4', A, S)","ai_act_excluded(S) <= provision_trigger('AIAct_A2.4', A, S)"
"R0347","A034","ai_act_territorial_link","2","provision_trigger('AIAct_A2.4', A, S)","ai_act_territorial_link(A, S) <= provision_trigger('AIAct_A2.4', A, S)"
"R0348","A034","ai_act_material","1","provision_trigger('AIAct_A2.4', A, S)","ai_act_material(S) <= provision_trigger('AIAct_A2.4', A, S)"
"R0349","A035","ai_act_territorial_link","2","provision_trigger('AIAct_A2.5', A, S)","ai_act_territorial_link(A, S) <= provision_trigger('AIAct_A2.5', A, S)"
"R0350","A035","obligation","3","provision_trigger('AIAct_A2.5', A, X)","obligation(A, X, 'AIAct_A2.5') <= provision_trigger('AIAct_A2.5', A, X)"
"R0351","A036","ai_act_excluded","1","scientific_research_development_only(S)","ai_act_excluded(S) <= scientific_research_development_only(S)"
"R0352","A037","ai_act_territorial_link","2","provision_trigger('AIAct_A2.7', A, S)","ai_act_territorial_link(A, S) <= provision_trigger('AIAct_A2.7', A, S)"
"R0353","A037","ai_act_material","1","provision_trigger('AIAct_A2.7', A, S)","ai_act_material(S) <= provision_trigger('AIAct_A2.7', A, S)"
"R0354","A037","obligation","3","provision_trigger('AIAct_A2.7', A, X)","obligation(A, X, 'AIAct_A2.7') <= provision_trigger('AIAct_A2.7', A, X)"
"R0355","A038","ai_act_excluded","1","pre_market_research_testing(S)","ai_act_excluded(S) <= pre_market_research_testing(S)"
"R0356","A039","ai_act_territorial_link","2","provision_trigger('AIAct_A2.9', A, S)","ai_act_territorial_link(A, S) <= provision_trigger('AIAct_A2.9', A, S)"
"R0357","A039","ai_act_material","1","provision_trigger('AIAct_A2.9', A, S)","ai_act_material(S) <= provision_trigger('AIAct_A2.9', A, S)"
"R0358","A040","ai_act_excluded","1","purely_personal_household_activity(S)","ai_act_excluded(S) <= purely_personal_household_activity(S)"
"R0359","A041","ai_act_territorial_link","2","provision_trigger('AIAct_A2.11', A, S)","ai_act_territorial_link(A, S) <= provision_trigger('AIAct_A2.11', A, S)"
"R0360","A042","ai_act_excluded","1","free_open_source_ai(S)  & ~high_risk_ai(S)  & ~prohibited_practice(S)","ai_act_excluded(S) <= free_open_source_ai(S)  & ~high_risk_ai(S)  & ~prohibited_practice(S)"
"R0361","A044","ai_system","1","has_feature(X, 'machine_based')  & has_capability(X, 'autonomous_operation')  & has_capability(X, 'inference_from_input')","ai_system(X) <= has_feature(X, 'machine_based')  & has_capability(X, 'autonomous_operation')  & has_capability(X, 'inference_from_input')"
"R0362","A045","definition_matches","2","provision_trigger('AIAct_A3.2', A, X)","definition_matches('risk', X) <= provision_trigger('AIAct_A3.2', A, X)"
"R0363","A046","provider","2","develops_ai_system(A, X) & places_on_market(A, X)","provider(A, X) <= develops_ai_system(A, X) & places_on_market(A, X)"
"R0364","A046","provider","2","develops_ai_system(A, X) & puts_into_service(A, X)","provider(A, X) <= develops_ai_system(A, X) & puts_into_service(A, X)"
"R0365","A046","provider","2","has_ai_system_developed(A, X) & places_on_market_under_own_name(A, X)","provider(A, X) <= has_ai_system_developed(A, X) & places_on_market_under_own_name(A, X)"
"R0366","A046","definition_matches","2","provision_trigger('AIAct_A3.3', A, X)","definition_matches('provider', X) <= provision_trigger('AIAct_A3.3', A, X)"
"R0367","A047","deployer","2","uses_ai_system_under_authority(A, X) & ~personal_non_professional_activity_of_deployer(A, X)","deployer(A, X) <= uses_ai_system_under_authority(A, X) & ~personal_non_professional_activity_of_deployer(A, X)"
"R0368","A047","definition_matches","2","provision_trigger('AIAct_A3.4', A, X)","definition_matches('deployer', X) <= provision_trigger('AIAct_A3.4', A, X)"
"R0369","A048","authorised_representative","2","established_in(A, 'eu') & written_mandate_from_provider(A, X)","authorised_representative(A, X) <= established_in(A, 'eu') & written_mandate_from_provider(A, X)"
"R0370","A048","definition_matches","2","provision_trigger('AIAct_A3.5', A, X)","definition_matches('authorised_representative', X) <= provision_trigger('AIAct_A3.5', A, X)"
"R0371","A049","importer","2","established_in(A, 'eu') & places_on_market(A, X) & third_country_provider_name_or_trademark(X)","importer(A, X) <= established_in(A, 'eu') & places_on_market(A, X) & third_country_provider_name_or_trademark(X)"
"R0372","A049","definition_matches","2","provision_trigger('AIAct_A3.6', A, X)","definition_matches('importer', X) <= provision_trigger('AIAct_A3.6', A, X)"
"R0373","A050","distributor","2","supply_chain_actor(A, X) & makes_available_on_union_market(A, X) & ~provider(A, X) & ~importer(A, X)","distributor(A, X) <= supply_chain_actor(A, X) & makes_available_on_union_market(A, X) & ~provider(A, X) & ~importer(A, X)"
"R0374","A050","definition_matches","2","provision_trigger('AIAct_A3.7', A, X)","definition_matches('distributor', X) <= provision_trigger('AIAct_A3.7', A, X)"
"R0375","A051","operator","2","provider(A, X)","operator(A, X) <= provider(A, X)"
"R0376","A051","operator","2","product_manufacturer(A, X)","operator(A, X) <= product_manufacturer(A, X)"
"R0377","A051","operator","2","deployer(A, X)","operator(A, X) <= deployer(A, X)"
"R0378","A051","operator","2","authorised_representative(A, X)","operator(A, X) <= authorised_representative(A, X)"
"R0379","A051","operator","2","importer(A, X)","operator(A, X) <= importer(A, X)"
"R0380","A051","operator","2","distributor(A, X)","operator(A, X) <= distributor(A, X)"
"R0381","A051","definition_matches","2","provision_trigger('AIAct_A3.8', A, X)","definition_matches('operator', X) <= provision_trigger('AIAct_A3.8', A, X)"
"R0382","A052","definition_matches","2","provision_trigger('AIAct_A3.9', A, X)","definition_matches('placing_on_market', X) <= provision_trigger('AIAct_A3.9', A, X)"
"R0383","A053","definition_matches","2","provision_trigger('AIAct_A3.10', A, X)","definition_matches('making_available_on_market', X) <= provision_trigger('AIAct_A3.10', A, X)"
"R0384","A054","definition_matches","2","provision_trigger('AIAct_A3.11', A, X)","definition_matches('putting_into_service', X) <= provision_trigger('AIAct_A3.11', A, X)"
"R0385","A055","definition_matches","2","provision_trigger('AIAct_A3.12', A, X)","definition_matches('intended_purpose', X) <= provision_trigger('AIAct_A3.12', A, X)"
"R0386","A056","definition_matches","2","provision_trigger('AIAct_A3.13', A, X)","definition_matches('reasonably_foreseeable_misuse', X) <= provision_trigger('AIAct_A3.13', A, X)"
"R0387","A056","permission","3","provision_trigger('AIAct_A3.13', A, X)","permission(A, X, 'AIAct_A3.13') <= provision_trigger('AIAct_A3.13', A, X)"
"R0388","A057","definition_matches","2","provision_trigger('AIAct_A3.14', A, X)","definition_matches('safety_component', X) <= provision_trigger('AIAct_A3.14', A, X)"
"R0389","A058","definition_matches","2","provision_trigger('AIAct_A3.15', A, X)","definition_matches('instructions_for_use', X) <= provision_trigger('AIAct_A3.15', A, X)"
"R0390","A059","definition_matches","2","provision_trigger('AIAct_A3.16', A, X)","definition_matches('ai_system_recall', X) <= provision_trigger('AIAct_A3.16', A, X)"
"R0391","A060","definition_matches","2","provision_trigger('AIAct_A3.17', A, X)","definition_matches('ai_system_withdrawal', X) <= provision_trigger('AIAct_A3.17', A, X)"
"R0392","A061","definition_matches","2","provision_trigger('AIAct_A3.18', A, X)","definition_matches('ai_system_performance', X) <= provision_trigger('AIAct_A3.18', A, X)"
"R0393","A062","definition_matches","2","provision_trigger('AIAct_A3.19', A, X)","definition_matches('notifying_authority', X) <= provision_trigger('AIAct_A3.19', A, X)"
"R0394","A063","definition_matches","2","provision_trigger('AIAct_A3.20', A, X)","definition_matches('conformity_assessment', X) <= provision_trigger('AIAct_A3.20', A, X)"
"R0395","A064","definition_matches","2","provision_trigger('AIAct_A3.21', A, X)","definition_matches('conformity_assessment_body', X) <= provision_trigger('AIAct_A3.21', A, X)"
"R0396","A065","definition_matches","2","provision_trigger('AIAct_A3.22', A, X)","definition_matches('notified_body', X) <= provision_trigger('AIAct_A3.22', A, X)"
"R0397","A066","definition_matches","2","provision_trigger('AIAct_A3.23', A, X)","definition_matches('substantial_modification', X) <= provision_trigger('AIAct_A3.23', A, X)"
"R0398","A067","definition_matches","2","provision_trigger('AIAct_A3.24', A, X)","definition_matches('ce_marking', X) <= provision_trigger('AIAct_A3.24', A, X)"
"R0399","A068","definition_matches","2","provision_trigger('AIAct_A3.25', A, X)","definition_matches('post_market_monitoring_system', X) <= provision_trigger('AIAct_A3.25', A, X)"
"R0400","A069","definition_matches","2","provision_trigger('AIAct_A3.26', A, X)","definition_matches('market_surveillance_authority', X) <= provision_trigger('AIAct_A3.26', A, X)"
"R0401","A070","definition_matches","2","provision_trigger('AIAct_A3.27', A, X)","definition_matches('harmonised_standard', X) <= provision_trigger('AIAct_A3.27', A, X)"
"R0402","A071","definition_matches","2","provision_trigger('AIAct_A3.28', A, X)","definition_matches('common_specification', X) <= provision_trigger('AIAct_A3.28', A, X)"
"R0403","A072","definition_matches","2","provision_trigger('AIAct_A3.29', A, X)","definition_matches('training_data', X) <= provision_trigger('AIAct_A3.29', A, X)"
"R0404","A073","definition_matches","2","provision_trigger('AIAct_A3.30', A, X)","definition_matches('validation_data', X) <= provision_trigger('AIAct_A3.30', A, X)"
"R0405","A074","definition_matches","2","provision_trigger('AIAct_A3.31', A, X)","definition_matches('validation_data_set', X) <= provision_trigger('AIAct_A3.31', A, X)"
"R0406","A075","definition_matches","2","provision_trigger('AIAct_A3.32', A, X)","definition_matches('testing_data', X) <= provision_trigger('AIAct_A3.32', A, X)"
"R0407","A076","definition_matches","2","provision_trigger('AIAct_A3.33', A, X)","definition_matches('input_data', X) <= provision_trigger('AIAct_A3.33', A, X)"
"R0408","A077","definition_matches","2","provision_trigger('AIAct_A3.34', A, X)","definition_matches('biometric_data', X) <= provision_trigger('AIAct_A3.34', A, X)"
"R0409","A078","definition_matches","2","provision_trigger('AIAct_A3.35', A, X)","definition_matches('biometric_identification', X) <= provision_trigger('AIAct_A3.35', A, X)"
"R0410","A079","definition_matches","2","provision_trigger('AIAct_A3.36', A, X)","definition_matches('biometric_verification', X) <= provision_trigger('AIAct_A3.36', A, X)"
"R0411","A080","definition_matches","2","provision_trigger('AIAct_A3.37', A, X)","definition_matches('special_category_data', X) <= provision_trigger('AIAct_A3.37', A, X)"
"R0412","A081","definition_matches","2","provision_trigger('AIAct_A3.38', A, X)","definition_matches('sensitive_operational_data', X) <= provision_trigger('AIAct_A3.38', A, X)"
"R0413","A082","definition_matches","2","provision_trigger('AIAct_A3.39', A, X)","definition_matches('emotion_recognition_system', X) <= provision_trigger('AIAct_A3.39', A, X)"
"R0414","A083","definition_matches","2","provision_trigger('AIAct_A3.40', A, X)","definition_matches('biometric_categorisation_system', X) <= provision_trigger('AIAct_A3.40', A, X)"
"R0415","A084","definition_matches","2","provision_trigger('AIAct_A3.41', A, X)","definition_matches('remote_biometric_identification_system', X) <= provision_trigger('AIAct_A3.41', A, X)"
"R0416","A085","definition_matches","2","provision_trigger('AIAct_A3.42', A, X)","definition_matches('realtime_remote_biometric_identification_system', X) <= provision_trigger('AIAct_A3.42', A, X)"
"R0417","A086","definition_matches","2","provision_trigger('AIAct_A3.43', A, X)","definition_matches('post_remote_biometric_identification_system', X) <= provision_trigger('AIAct_A3.43', A, X)"
"R0418","A087","definition_matches","2","provision_trigger('AIAct_A3.44', A, X)","definition_matches('publicly_accessible_space', X) <= provision_trigger('AIAct_A3.44', A, X)"
"R0419","A087","permission","3","provision_trigger('AIAct_A3.44', A, X)","permission(A, X, 'AIAct_A3.44') <= provision_trigger('AIAct_A3.44', A, X)"
"R0420","A090","definition_matches","2","provision_trigger('AIAct_A3.45', A, X)","definition_matches('law_enforcement_authority', X) <= provision_trigger('AIAct_A3.45', A, X)"
"R0421","A091","definition_matches","2","provision_trigger('AIAct_A3.46', A, X)","definition_matches('law_enforcement', X) <= provision_trigger('AIAct_A3.46', A, X)"
"R0422","A092","definition_matches","2","provision_trigger('AIAct_A3.47', A, X)","definition_matches('ai_office', X) <= provision_trigger('AIAct_A3.47', A, X)"
"R0423","A092","obligation","3","provision_trigger('AIAct_A3.47', A, X)","obligation(A, X, 'AIAct_A3.47') <= provision_trigger('AIAct_A3.47', A, X)"
"R0424","A093","definition_matches","2","provision_trigger('AIAct_A3.48', A, X)","definition_matches('national_competent_authority', X) <= provision_trigger('AIAct_A3.48', A, X)"
"R0425","A093","obligation","3","provision_trigger('AIAct_A3.48', A, X)","obligation(A, X, 'AIAct_A3.48') <= provision_trigger('AIAct_A3.48', A, X)"
"R0426","A098","definition_matches","2","provision_trigger('AIAct_A3.49', A, X)","definition_matches('serious_incident', X) <= provision_trigger('AIAct_A3.49', A, X)"
"R0427","A099","definition_matches","2","provision_trigger('AIAct_A3.50', A, X)","definition_matches('personal_data', X) <= provision_trigger('AIAct_A3.50', A, X)"
"R0428","A100","definition_matches","2","provision_trigger('AIAct_A3.51', A, X)","definition_matches('non_personal_data', X) <= provision_trigger('AIAct_A3.51', A, X)"
"R0429","A101","definition_matches","2","provision_trigger('AIAct_A3.52', A, X)","definition_matches('profiling', X) <= provision_trigger('AIAct_A3.52', A, X)"
"R0430","A102","definition_matches","2","provision_trigger('AIAct_A3.53', A, X)","definition_matches('real_world_testing_plan', X) <= provision_trigger('AIAct_A3.53', A, X)"
"R0431","A103","definition_matches","2","provision_trigger('AIAct_A3.54', A, X)","definition_matches('sandbox_plan', X) <= provision_trigger('AIAct_A3.54', A, X)"
"R0432","A104","definition_matches","2","provision_trigger('AIAct_A3.55', A, X)","definition_matches('ai_regulatory_sandbox', X) <= provision_trigger('AIAct_A3.55', A, X)"
"R0433","A105","definition_matches","2","provision_trigger('AIAct_A3.56', A, X)","definition_matches('ai_literacy', X) <= provision_trigger('AIAct_A3.56', A, X)"
"R0434","A106","definition_matches","2","provision_trigger('AIAct_A3.57', A, X)","definition_matches('testing_in_real_world_conditions', X) <= provision_trigger('AIAct_A3.57', A, X)"
"R0435","A108","definition_matches","2","provision_trigger('AIAct_A3.59', A, X)","definition_matches('informed_consent', X) <= provision_trigger('AIAct_A3.59', A, X)"
"R0436","A109","deep_fake","1","ai_generated_or_manipulated_content(X) & resembles_existing_subject(X) & falsely_appears_authentic_or_truthful(X)","deep_fake(X) <= ai_generated_or_manipulated_content(X) & resembles_existing_subject(X) & falsely_appears_authentic_or_truthful(X)"
"R0437","A109","definition_matches","2","provision_trigger('AIAct_A3.60', A, X)","definition_matches('deep_fake', X) <= provision_trigger('AIAct_A3.60', A, X)"
"R0438","A115","definition_matches","2","provision_trigger('AIAct_A3.61', A, X)","definition_matches('widespread_infringement', X) <= provision_trigger('AIAct_A3.61', A, X)"
"R0439","A116","definition_matches","2","provision_trigger('AIAct_A3.62', A, X)","definition_matches('critical_infrastructure', X) <= provision_trigger('AIAct_A3.62', A, X)"
"R0440","A117","gpai_model","1","has_feature(X, 'significant_generality')  & has_capability(X, 'wide_range_of_tasks')","gpai_model(X) <= has_feature(X, 'significant_generality')  & has_capability(X, 'wide_range_of_tasks')"
"R0441","A118","high_impact_capabilities","1","capabilities_match_or_exceed_advanced_gpai_models(X)","high_impact_capabilities(X) <= capabilities_match_or_exceed_advanced_gpai_models(X)"
"R0442","A118","definition_matches","2","provision_trigger('AIAct_A3.64', A, X)","definition_matches('high_impact_capabilities', X) <= provision_trigger('AIAct_A3.64', A, X)"
"R0443","A119","systemic_risk","1","gpai_model(X) & high_impact_capabilities(X) & significant_union_market_impact_or_negative_effects(X)","systemic_risk(X) <= gpai_model(X) & high_impact_capabilities(X) & significant_union_market_impact_or_negative_effects(X)"
"R0444","A119","definition_matches","2","provision_trigger('AIAct_A3.65', A, X)","definition_matches('systemic_risk', X) <= provision_trigger('AIAct_A3.65', A, X)"
"R0445","A120","general_purpose_ai_system","1","ai_system(X) & based_on_gpai_model(X) & capable_of_variety_of_purposes(X)","general_purpose_ai_system(X) <= ai_system(X) & based_on_gpai_model(X) & capable_of_variety_of_purposes(X)"
"R0446","A120","definition_matches","2","provision_trigger('AIAct_A3.66', A, X)","definition_matches('general_purpose_ai_system', X) <= provision_trigger('AIAct_A3.66', A, X)"
"R0447","A121","definition_matches","2","provision_trigger('AIAct_A3.67', A, X)","definition_matches('floating_point_operation', X) <= provision_trigger('AIAct_A3.67', A, X)"
"R0448","A122","definition_matches","2","provision_trigger('AIAct_A3.68', A, X)","definition_matches('downstream_provider', X) <= provision_trigger('AIAct_A3.68', A, X)"
"R0449","A124","prohibited_practice","1","ai_system(X) & has_feature(X, 'subliminal_manipulation')","prohibited_practice(X) <= ai_system(X) & has_feature(X, 'subliminal_manipulation')"
"R0450","A125","prohibited_practice","1","ai_system(X) & has_feature(X, 'exploits_vulnerabilities')","prohibited_practice(X) <= ai_system(X) & has_feature(X, 'exploits_vulnerabilities')"
"R0451","A128","prohibited_practice","1","ai_system(X) & has_feature(X, 'social_scoring')","prohibited_practice(X) <= ai_system(X) & has_feature(X, 'social_scoring')"
"R0452","A129","prohibited_practice","1","ai_system(X) & has_feature(X, 'predictive_policing_profiling') & ~predictive_policing_supporting_human_assessment_exception(X)","prohibited_practice(X) <= ai_system(X) & has_feature(X, 'predictive_policing_profiling') & ~predictive_policing_supporting_human_assessment_exception(X)"
"R0453","A130","prohibited_practice","1","ai_system(X) & has_feature(X, 'untargeted_face_db_scraping')","prohibited_practice(X) <= ai_system(X) & has_feature(X, 'untargeted_face_db_scraping')"
"R0454","A131","prohibited_practice","1","ai_system(X) & has_feature(X, 'emotion_inference_workplace_edu') & ~emotion_inference_medical_or_safety_exception(X)","prohibited_practice(X) <= ai_system(X) & has_feature(X, 'emotion_inference_workplace_edu') & ~emotion_inference_medical_or_safety_exception(X)"
"R0455","A132","prohibited_practice","1","ai_system(X) & has_feature(X, 'biometric_categorisation_special') & ~biometric_categorisation_lawful_filtering_exception(X)","prohibited_practice(X) <= ai_system(X) & has_feature(X, 'biometric_categorisation_special') & ~biometric_categorisation_lawful_filtering_exception(X)"
"R0456","A133","rbi_law_enforcement_exception","1","ai_system(X) & rbi_exception_ground(X, 'AIAct_A5.1.h.i')","rbi_law_enforcement_exception(X) <= ai_system(X) & rbi_exception_ground(X, 'AIAct_A5.1.h.i')"
"R0457","A134","rbi_law_enforcement_exception","1","ai_system(X) & rbi_exception_ground(X, 'AIAct_A5.1.h.ii')","rbi_law_enforcement_exception(X) <= ai_system(X) & rbi_exception_ground(X, 'AIAct_A5.1.h.ii')"
"R0458","A135","rbi_law_enforcement_exception","1","ai_system(X) & rbi_exception_ground(X, 'AIAct_A5.1.h.iii')","rbi_law_enforcement_exception(X) <= ai_system(X) & rbi_exception_ground(X, 'AIAct_A5.1.h.iii')"
"R0459","A136","prohibited_practice","1","ai_system(X) & has_feature(X, 'realtime_remote_biometric_id_public') & ~rbi_law_enforcement_exception(X)","prohibited_practice(X) <= ai_system(X) & has_feature(X, 'realtime_remote_biometric_id_public') & ~rbi_law_enforcement_exception(X)"
"R0460","A137","prohibition","3","applies_via_actor(X, T, 'ai_act', A) & prohibited_practice(X)","prohibition(A, X, 'AIAct_A5.1_prohibited_ai_practice') <= applies_via_actor(X, T, 'ai_act', A) & prohibited_practice(X)"
"R0461","A137","obligation","3","provision_trigger('AIAct_A5.1', A, X)","obligation(A, X, 'AIAct_A5.1') <= provision_trigger('AIAct_A5.1', A, X)"
"R0462","A139","obligation","3","provision_trigger('AIAct_A5.2.b', A, X)","obligation(A, X, 'AIAct_A5.2.b') <= provision_trigger('AIAct_A5.2.b', A, X)"
"R0463","A139","permission","3","provision_trigger('AIAct_A5.2.b', A, X)","permission(A, X, 'AIAct_A5.2.b') <= provision_trigger('AIAct_A5.2.b', A, X)"
"R0464","A140","obligation","3","provision_trigger('AIAct_A5.2', A, X)","obligation(A, X, 'AIAct_A5.2') <= provision_trigger('AIAct_A5.2', A, X)"
"R0465","A141","obligation","3","applies_via_actor(X, T, 'ai_act', A) & deployer(A, X) & has_feature(X, 'realtime_remote_biometric_id_public') & rbi_law_enforcement_exception(X)","obligation(A, X, 'AIAct_A5.3_prior_authorisation_for_permitted_realtime_rbi') <= applies_via_actor(X, T, 'ai_act', A) & deployer(A, X) & has_feature(X, 'realtime_remote_biometric_id_public') & rbi_law_enforcement_exception(X)"
"R0466","A141","ai_act_material","1","provision_trigger('AIAct_A5.3', A, S)","ai_act_material(S) <= provision_trigger('AIAct_A5.3', A, S)"
"R0467","A141","obligation","3","provision_trigger('AIAct_A5.3', A, X)","obligation(A, X, 'AIAct_A5.3') <= provision_trigger('AIAct_A5.3', A, X)"
"R0468","A141","permission","3","provision_trigger('AIAct_A5.3', A, X)","permission(A, X, 'AIAct_A5.3') <= provision_trigger('AIAct_A5.3', A, X)"
"R0469","A142","obligation","3","applies_via_actor(X, T, 'ai_act', A) & deployer(A, X) & has_feature(X, 'realtime_remote_biometric_id_public') & rbi_law_enforcement_exception(X)","obligation(A, X, 'AIAct_A5.4_notify_authorities_for_permitted_realtime_rbi') <= applies_via_actor(X, T, 'ai_act', A) & deployer(A, X) & has_feature(X, 'realtime_remote_biometric_id_public') & rbi_law_enforcement_exception(X)"
"R0470","A142","ai_act_material","1","provision_trigger('AIAct_A5.4', A, S)","ai_act_material(S) <= provision_trigger('AIAct_A5.4', A, S)"
"R0471","A142","obligation","3","provision_trigger('AIAct_A5.4', A, X)","obligation(A, X, 'AIAct_A5.4') <= provision_trigger('AIAct_A5.4', A, X)"
"R0472","A143","ai_act_material","1","provision_trigger('AIAct_A5.5', A, S)","ai_act_material(S) <= provision_trigger('AIAct_A5.5', A, S)"
"R0473","A143","obligation","3","provision_trigger('AIAct_A5.5', A, X)","obligation(A, X, 'AIAct_A5.5') <= provision_trigger('AIAct_A5.5', A, X)"
"R0474","A143","permission","3","provision_trigger('AIAct_A5.5', A, X)","permission(A, X, 'AIAct_A5.5') <= provision_trigger('AIAct_A5.5', A, X)"
"R0475","A144","obligation","3","provision_trigger('AIAct_A5.6', A, X)","obligation(A, X, 'AIAct_A5.6') <= provision_trigger('AIAct_A5.6', A, X)"
"R0476","A145","obligation","3","provision_trigger('AIAct_A5.7', A, X)","obligation(A, X, 'AIAct_A5.7') <= provision_trigger('AIAct_A5.7', A, X)"
"R0477","A146","ai_act_material","1","provision_trigger('AIAct_A5.8', A, S)","ai_act_material(S) <= provision_trigger('AIAct_A5.8', A, S)"
"R0478","A146","obligation","3","provision_trigger('AIAct_A5.8', A, X)","obligation(A, X, 'AIAct_A5.8') <= provision_trigger('AIAct_A5.8', A, X)"
"R0479","A150","high_risk_ai","1","ai_system(X)  & safety_component_of(X, Y)  & annex_i_legislation(L)  & subject_to_third_party_assessment(Y, L)","high_risk_ai(X) <= ai_system(X)  & safety_component_of(X, Y)  & annex_i_legislation(L)  & subject_to_third_party_assessment(Y, L)"
"R0480","A150","high_risk_ai","1","ai_system(X)  & annex_i_legislation(L)  & subject_to_third_party_assessment(X, L)","high_risk_ai(X) <= ai_system(X)  & annex_i_legislation(L)  & subject_to_third_party_assessment(X, L)"
"R0481","A151","high_risk_ai","1","ai_system(X) & used_in(X, U) & annex_iii_use_case(U)","high_risk_ai(X) <= ai_system(X) & used_in(X, U) & annex_iii_use_case(U)"
"R0482","A152","not_high_risk_derogation_factor","2","narrow_procedural_task(X)","not_high_risk_derogation_factor(X, 'narrow_procedural_task') <= narrow_procedural_task(X)"
"R0483","A153","not_high_risk_derogation_factor","2","improves_previous_human_activity_result(X)","not_high_risk_derogation_factor(X, 'improves_previous_human_activity') <= improves_previous_human_activity_result(X)"
"R0484","A154","not_high_risk_derogation_factor","2","detects_decision_patterns_or_deviations(X)","not_high_risk_derogation_factor(X, 'detects_decision_patterns_or_deviations') <= detects_decision_patterns_or_deviations(X)"
"R0485","A155","not_high_risk_derogation_factor","2","preparatory_assessment_task(X)","not_high_risk_derogation_factor(X, 'preparatory_assessment_task') <= preparatory_assessment_task(X)"
"R0486","A155","obligation","3","provision_trigger('AIAct_A6.3.d', A, X)","obligation(A, X, 'AIAct_A6.3.d') <= provision_trigger('AIAct_A6.3.d', A, X)"
"R0487","A156","not_high_risk_ai","1","ai_system(X) & annex_iii_use_case(U) & used_in(X, U) & no_significant_risk_to_health_safety_fundamental_rights(X) & not_high_risk_derogation_factor(X, F) & ~profiling_of_natural_persons(X)","not_high_risk_ai(X) <= ai_system(X) & annex_iii_use_case(U) & used_in(X, U) & no_significant_risk_to_health_safety_fundamental_rights(X) & not_high_risk_derogation_factor(X, F) & ~profiling_of_natural_persons(X)"
"R0488","A156","obligation","3","provision_trigger('AIAct_A6.3', A, X)","obligation(A, X, 'AIAct_A6.3') <= provision_trigger('AIAct_A6.3', A, X)"
"R0489","A157","obligation","3","applies_via_actor(X, T, 'ai_act', A) & provider(A, X) & ai_system(X) & used_in(X, U) & annex_iii_use_case(U) & provider_claims_not_high_risk(A, X)","obligation(A, X, 'AIAct_A6.4_document_non_high_risk_assessment') <= applies_via_actor(X, T, 'ai_act', A) & provider(A, X) & ai_system(X) & used_in(X, U) & annex_iii_use_case(U) & provider_claims_not_high_risk(A, X)"
"R0490","A157","obligation","3","applies_via_actor(X, T, 'ai_act', A) & provider(A, X) & ai_system(X) & used_in(X, U) & annex_iii_use_case(U) & provider_claims_not_high_risk(A, X)","obligation(A, X, 'AIAct_A6.4_register_under_article_49_if_claiming_not_high_risk') <= applies_via_actor(X, T, 'ai_act', A) & provider(A, X) & ai_system(X) & used_in(X, U) & annex_iii_use_case(U) & provider_claims_not_high_risk(A, X)"
"R0491","A157","obligation","3","provision_trigger('AIAct_A6.4', A, X)","obligation(A, X, 'AIAct_A6.4') <= provision_trigger('AIAct_A6.4', A, X)"
"R0492","A158","obligation","3","provision_trigger('AIAct_A6.5', A, X)","obligation(A, X, 'AIAct_A6.5') <= provision_trigger('AIAct_A6.5', A, X)"
"R0493","A159","ai_act_material","1","provision_trigger('AIAct_A6.6', A, S)","ai_act_material(S) <= provision_trigger('AIAct_A6.6', A, S)"
"R0494","A159","permission","3","provision_trigger('AIAct_A6.6', A, X)","permission(A, X, 'AIAct_A6.6') <= provision_trigger('AIAct_A6.6', A, X)"
"R0495","A160","obligation","3","provision_trigger('AIAct_A6.7', A, X)","obligation(A, X, 'AIAct_A6.7') <= provision_trigger('AIAct_A6.7', A, X)"
"R0496","A161","obligation","3","provision_trigger('AIAct_A6.8', A, X)","obligation(A, X, 'AIAct_A6.8') <= provision_trigger('AIAct_A6.8', A, X)"
"R0497","A165","permission","3","provision_trigger('AIAct_A7.1', A, X)","permission(A, X, 'AIAct_A7.1') <= provision_trigger('AIAct_A7.1', A, X)"
"R0498","A169","permission","3","provision_trigger('AIAct_A7.2.d', A, X)","permission(A, X, 'AIAct_A7.2.d') <= provision_trigger('AIAct_A7.2.d', A, X)"
"R0499","A173","obligation","3","provision_trigger('AIAct_A7.2.h.i', A, X)","obligation(A, X, 'AIAct_A7.2.h.i') <= provision_trigger('AIAct_A7.2.h.i', A, X)"
"R0500","A179","obligation","3","provision_trigger('AIAct_A7.2', A, X)","obligation(A, X, 'AIAct_A7.2') <= provision_trigger('AIAct_A7.2', A, X)"
"R0501","A182","permission","3","provision_trigger('AIAct_A7.3', A, X)","permission(A, X, 'AIAct_A7.3') <= provision_trigger('AIAct_A7.3', A, X)"
"R0502","A184","obligation","3","applies_via_actor(X, T, 'ai_act', A) & provider(A, X) & intended_to_interact_directly_with_natural_persons(X) & ~interaction_obviously_ai(X)","obligation(A, X, 'AIAct_A50.1_inform_natural_person_ai_interaction') <= applies_via_actor(X, T, 'ai_act', A) & provider(A, X) & intended_to_interact_directly_with_natural_persons(X) & ~interaction_obviously_ai(X)"
"R0503","A184","obligation","3","provision_trigger('AIAct_A50.1', A, X)","obligation(A, X, 'AIAct_A50.1') <= provision_trigger('AIAct_A50.1', A, X)"
"R0504","A185","obligation","3","applies_via_actor(X, T, 'ai_act', A) & provider(A, X) & generates_synthetic_content(X)","obligation(A, X, 'AIAct_A50.2_mark_synthetic_outputs_machine_readable') <= applies_via_actor(X, T, 'ai_act', A) & provider(A, X) & generates_synthetic_content(X)"
"R0505","A185","obligation","3","provision_trigger('AIAct_A50.2', A, X)","obligation(A, X, 'AIAct_A50.2') <= provision_trigger('AIAct_A50.2', A, X)"
"R0506","A185","permission","3","provision_trigger('AIAct_A50.2', A, X)","permission(A, X, 'AIAct_A50.2') <= provision_trigger('AIAct_A50.2', A, X)"
"R0507","A186","obligation","3","applies_via_actor(X, T, 'ai_act', A) & deployer(A, X) & emotion_recognition_system(X)","obligation(A, X, 'AIAct_A50.3_inform_exposed_persons_emotion_recognition') <= applies_via_actor(X, T, 'ai_act', A) & deployer(A, X) & emotion_recognition_system(X)"
"R0508","A186","obligation","3","applies_via_actor(X, T, 'ai_act', A) & deployer(A, X) & biometric_categorisation_system(X)","obligation(A, X, 'AIAct_A50.3_inform_exposed_persons_biometric_categorisation') <= applies_via_actor(X, T, 'ai_act', A) & deployer(A, X) & biometric_categorisation_system(X)"
"R0509","A186","obligation","3","provision_trigger('AIAct_A50.3', A, X)","obligation(A, X, 'AIAct_A50.3') <= provision_trigger('AIAct_A50.3', A, X)"
"R0510","A187","obligation","3","applies_via_actor(X, T, 'ai_act', A) & deployer(A, X) & deep_fake_generation_or_manipulation(X) & ~deep_fake_disclosure_exempt(X)","obligation(A, X, 'AIAct_A50.4_disclose_deep_fake_content') <= applies_via_actor(X, T, 'ai_act', A) & deployer(A, X) & deep_fake_generation_or_manipulation(X) & ~deep_fake_disclosure_exempt(X)"
"R0511","A187","obligation","3","applies_via_actor(X, T, 'ai_act', A) & deployer(A, X) & generated_text_public_interest(X) & ~human_review_or_editorial_control(X)","obligation(A, X, 'AIAct_A50.4_disclose_ai_generated_public_interest_text') <= applies_via_actor(X, T, 'ai_act', A) & deployer(A, X) & generated_text_public_interest(X) & ~human_review_or_editorial_control(X)"
"R0512","A187","obligation","3","provision_trigger('AIAct_A50.4', A, X)","obligation(A, X, 'AIAct_A50.4') <= provision_trigger('AIAct_A50.4', A, X)"
"R0513","A188","obligation","3","obligation(A, X, 'AIAct_A50.1_inform_natural_person_ai_interaction')","obligation(A, X, 'AIAct_A50.5_clear_distinguishable_accessible_information') <= obligation(A, X, 'AIAct_A50.1_inform_natural_person_ai_interaction')"
"R0514","A188","obligation","3","obligation(A, X, 'AIAct_A50.3_inform_exposed_persons_emotion_recognition')","obligation(A, X, 'AIAct_A50.5_clear_distinguishable_accessible_information') <= obligation(A, X, 'AIAct_A50.3_inform_exposed_persons_emotion_recognition')"
"R0515","A188","obligation","3","obligation(A, X, 'AIAct_A50.3_inform_exposed_persons_biometric_categorisation')","obligation(A, X, 'AIAct_A50.5_clear_distinguishable_accessible_information') <= obligation(A, X, 'AIAct_A50.3_inform_exposed_persons_biometric_categorisation')"
"R0516","A188","obligation","3","obligation(A, X, 'AIAct_A50.4_disclose_deep_fake_content')","obligation(A, X, 'AIAct_A50.5_clear_distinguishable_accessible_information') <= obligation(A, X, 'AIAct_A50.4_disclose_deep_fake_content')"
"R0517","A188","obligation","3","obligation(A, X, 'AIAct_A50.4_disclose_ai_generated_public_interest_text')","obligation(A, X, 'AIAct_A50.5_clear_distinguishable_accessible_information') <= obligation(A, X, 'AIAct_A50.4_disclose_ai_generated_public_interest_text')"
"R0518","A188","obligation","3","provision_trigger('AIAct_A50.5', A, X)","obligation(A, X, 'AIAct_A50.5') <= provision_trigger('AIAct_A50.5', A, X)"
"R0519","A189","obligation","3","provision_trigger('AIAct_A50.6', A, X)","obligation(A, X, 'AIAct_A50.6') <= provision_trigger('AIAct_A50.6', A, X)"
"R0520","A190","ai_act_material","1","provision_trigger('AIAct_A50.7', A, S)","ai_act_material(S) <= provision_trigger('AIAct_A50.7', A, S)"
"R0521","A190","obligation","3","provision_trigger('AIAct_A50.7', A, X)","obligation(A, X, 'AIAct_A50.7') <= provision_trigger('AIAct_A50.7', A, X)"
"R0522","A190","permission","3","provision_trigger('AIAct_A50.7', A, X)","permission(A, X, 'AIAct_A50.7') <= provision_trigger('AIAct_A50.7', A, X)"
"R0523","A192","gpai_systemic_risk","1","gpai_model(X) & has_feature(X, 'compute_above_10e25')","gpai_systemic_risk(X) <= gpai_model(X) & has_feature(X, 'compute_above_10e25')"
"R0524","A193","gpai_systemic_risk","1","gpai_model(X) & has_feature(X, 'commission_designated')","gpai_systemic_risk(X) <= gpai_model(X) & has_feature(X, 'commission_designated')"
"R0525","A194","gpai_systemic_risk","1","gpai_model(X) & gpai_high_impact_capability(X)","gpai_systemic_risk(X) <= gpai_model(X) & gpai_high_impact_capability(X)"
"R0526","A194","gpai_systemic_risk","1","gpai_model(X) & has_feature(X, 'commission_designated')","gpai_systemic_risk(X) <= gpai_model(X) & has_feature(X, 'commission_designated')"
"R0527","A194","ai_act_material","1","provision_trigger('AIAct_A51.1', A, S)","ai_act_material(S) <= provision_trigger('AIAct_A51.1', A, S)"
"R0528","A194","obligation","3","provision_trigger('AIAct_A51.1', A, X)","obligation(A, X, 'AIAct_A51.1') <= provision_trigger('AIAct_A51.1', A, X)"
"R0529","A195","gpai_high_impact_capability","1","gpai_model(X) & has_feature(X, 'compute_above_10e25')","gpai_high_impact_capability(X) <= gpai_model(X) & has_feature(X, 'compute_above_10e25')"
"R0530","A195","obligation","3","provision_trigger('AIAct_A51.2', A, X)","obligation(A, X, 'AIAct_A51.2') <= provision_trigger('AIAct_A51.2', A, X)"
"R0531","A196","obligation","3","provision_trigger('AIAct_A51.3', A, X)","obligation(A, X, 'AIAct_A51.3') <= provision_trigger('AIAct_A51.3', A, X)"
"R0532","A198","obligation","3","applies_via_actor(X, T, 'ai_act', A) & provider(A, X) & gpai_model(X) & gpai_high_impact_capability(X)","obligation(A, X, 'AIAct_A52.1_notify_commission_within_two_weeks') <= applies_via_actor(X, T, 'ai_act', A) & provider(A, X) & gpai_model(X) & gpai_high_impact_capability(X)"
"R0533","A198","obligation","3","applies_via_actor(X, T, 'ai_act', A) & provider(A, X) & gpai_model(X) & gpai_high_impact_capability(X)","obligation(A, X, 'AIAct_A52.1_include_information_demonstrating_requirement_met') <= applies_via_actor(X, T, 'ai_act', A) & provider(A, X) & gpai_model(X) & gpai_high_impact_capability(X)"
"R0534","A198","obligation","3","provision_trigger('AIAct_A52.1', A, X)","obligation(A, X, 'AIAct_A52.1') <= provision_trigger('AIAct_A52.1', A, X)"
"R0535","A198","permission","3","provision_trigger('AIAct_A52.1', A, X)","permission(A, X, 'AIAct_A52.1') <= provision_trigger('AIAct_A52.1', A, X)"
"R0536","A199","permission","3","provision_trigger('AIAct_A52.2', A, X)","permission(A, X, 'AIAct_A52.2') <= provision_trigger('AIAct_A52.2', A, X)"
"R0537","A200","obligation","3","provision_trigger('AIAct_A52.3', A, X)","obligation(A, X, 'AIAct_A52.3') <= provision_trigger('AIAct_A52.3', A, X)"
"R0538","A201","permission","3","provision_trigger('AIAct_A52.4', A, X)","permission(A, X, 'AIAct_A52.4') <= provision_trigger('AIAct_A52.4', A, X)"
"R0539","A202","obligation","3","provision_trigger('AIAct_A52.5', A, X)","obligation(A, X, 'AIAct_A52.5') <= provision_trigger('AIAct_A52.5', A, X)"
"R0540","A202","permission","3","provision_trigger('AIAct_A52.5', A, X)","permission(A, X, 'AIAct_A52.5') <= provision_trigger('AIAct_A52.5', A, X)"
"R0541","A203","obligation","3","provision_trigger('AIAct_A52.6', A, X)","obligation(A, X, 'AIAct_A52.6') <= provision_trigger('AIAct_A52.6', A, X)"
"R0542","A206","obligation","3","provision_trigger('AIAct_A111.2', A, X)","obligation(A, X, 'AIAct_A111.2') <= provision_trigger('AIAct_A111.2', A, X)"
